frame,time_s,status,det_found,det_conf,det_cx,det_cy,det_area,det_x1,det_y1,det_x2,det_y2,trk_ok,trk_cx,trk_cy,trk_x1,trk_y1,trk_x2,trk_y2,iou,det_ms,sharpness,brightness
0,0.0,AGREE,1,0.9502,1013.31,699.99,109683.3,845.24,536.84,1181.38,863.14,1,1013.31,699.99,845.24,536.84,1181.38,863.14,1.0,744.1,108.12,154.07
1,0.033,AGREE,1,0.9514,1013.49,700.03,109556.1,845.51,536.98,1181.47,863.08,1,1013.0,700.0,845.0,537.0,1181.0,863.0,0.9968,14.61,109.43,154.11
2,0.067,AGREE,1,0.9517,1013.82,700.08,109411.8,846.06,537.03,1181.57,863.13,1,1013.0,700.0,845.0,537.0,1181.0,863.0,0.9946,24.49,109.13,154.14
3,0.1,AGREE,1,0.9521,1014.26,700.04,109646.4,846.88,536.27,1181.63,863.81,1,1014.0,700.0,846.0,537.0,1182.0,863.0,0.9916,25.11,107.69,154.21
4,0.134,AGREE,1,0.9534,1014.25,699.84,109491.5,847.06,536.11,1181.44,863.57,1,1013.5,700.5,842.0,534.0,1185.0,867.0,0.9586,18.09,105.83,154.28
5,0.167,AGREE,1,0.952,1014.46,699.81,109304.3,847.4,536.24,1181.53,863.37,1,1013.5,700.5,842.0,534.0,1185.0,867.0,0.957,17.97,104.0,154.31
6,0.201,AGREE,1,0.9525,1015.13,699.45,109193.7,848.25,535.86,1182.0,863.04,1,1014.0,700.0,846.0,537.0,1182.0,863.0,0.9897,17.38,102.82,154.31
7,0.234,AGREE,1,0.9537,1015.44,699.12,109238.4,848.54,535.49,1182.34,862.74,1,1015.0,700.0,847.0,537.0,1183.0,863.0,0.9882,23.52,107.69,154.34
8,0.268,AGREE,1,0.9541,1015.67,698.84,109303.5,848.62,535.26,1182.73,862.41,1,1014.5,699.5,843.0,533.0,1186.0,866.0,0.957,25.78,113.7,154.35
9,0.301,AGREE,1,0.9544,1015.7,698.65,109180.3,849.09,534.83,1182.31,862.48,1,1014.5,700.5,843.0,534.0,1186.0,867.0,0.9559,24.37,111.13,154.34
10,0.335,AGREE,1,0.9521,1016.03,698.65,109094.9,849.21,535.16,1182.86,862.14,1,1014.5,700.5,843.0,534.0,1186.0,867.0,0.9551,18.22,102.46,154.37
11,0.368,AGREE,1,0.9505,1015.86,698.72,109012.5,848.47,535.91,1183.25,861.53,1,1014.5,700.5,843.0,534.0,1186.0,867.0,0.9544,21.36,96.68,154.41
12,0.401,AGREE,1,0.9504,1016.06,698.3,109214.1,849.18,534.69,1182.94,861.91,1,1015.0,700.0,847.0,537.0,1183.0,863.0,0.9831,21.36,95.99,154.43
13,0.435,AGREE,1,0.9517,1016.24,698.13,109111.7,848.83,535.19,1183.66,861.07,1,1014.5,699.5,843.0,533.0,1186.0,866.0,0.9553,21.31,97.52,154.48
14,0.468,AGREE,1,0.9522,1016.85,697.61,109127.5,849.3,534.79,1184.41,860.43,1,1015.5,699.5,844.0,533.0,1187.0,866.0,0.9554,21.48,92.82,154.52
15,0.502,AGREE,1,0.9554,1017.56,696.98,109229.2,850.03,533.98,1185.09,859.98,1,1016.0,699.0,848.0,536.0,1184.0,862.0,0.9786,19.76,94.23,154.62
16,0.535,AGREE,1,0.9559,1017.5,696.26,108853.5,850.14,533.66,1184.86,858.87,1,1015.5,698.5,844.0,532.0,1187.0,865.0,0.953,16.37,101.12,154.64
17,0.569,AGREE,1,0.956,1017.74,696.39,108979.3,850.16,533.8,1185.31,858.97,1,1015.5,698.5,844.0,532.0,1187.0,865.0,0.9541,21.99,98.84,154.64
18,0.602,AGREE,1,0.9546,1017.79,696.68,108917.6,850.28,534.13,1185.3,859.23,1,1016.5,698.5,845.0,532.0,1188.0,865.0,0.9536,17.41,101.21,154.62
19,0.636,AGREE,1,0.9548,1017.41,696.74,109004.1,849.96,534.0,1184.86,859.48,1,1016.0,698.0,848.0,535.0,1184.0,861.0,0.984,17.19,102.07,154.58
20,0.669,AGREE,1,0.9547,1017.2,696.74,108966.0,849.89,533.93,1184.51,859.56,1,1016.0,697.0,848.0,534.0,1184.0,860.0,0.9913,22.01,100.16,154.56
21,0.703,AGREE,1,0.9548,1016.83,696.73,108905.6,849.65,533.87,1184.02,859.58,1,1016.0,698.0,848.0,535.0,1184.0,861.0,0.9873,21.89,108.17,154.58
22,0.736,AGREE,1,0.9559,1016.94,696.69,109076.3,849.6,533.73,1184.27,859.65,1,1016.0,697.0,848.0,534.0,1184.0,860.0,0.9926,16.82,109.14,154.61
23,0.769,AGREE,1,0.9563,1016.46,696.56,109035.4,849.41,533.38,1183.51,859.75,1,1015.0,697.0,847.0,534.0,1183.0,860.0,0.9887,17.5,108.42,154.66
24,0.803,AGREE,1,0.9554,1016.65,696.39,109385.5,849.36,532.93,1183.95,859.86,1,1015.0,697.0,847.0,534.0,1183.0,860.0,0.9866,17.98,99.75,154.66
25,0.836,AGREE,1,0.9546,1016.73,696.38,109418.9,849.31,532.99,1184.15,859.77,1,1015.5,697.5,844.0,531.0,1187.0,864.0,0.958,17.77,100.94,154.69
26,0.87,AGREE,1,0.9544,1016.92,696.27,109527.9,849.45,532.77,1184.4,859.77,1,1015.0,697.0,847.0,534.0,1183.0,860.0,0.9842,24.26,100.87,154.72
27,0.903,AGREE,1,0.955,1016.94,696.07,109372.1,849.6,532.68,1184.29,859.46,1,1015.0,697.0,847.0,534.0,1183.0,860.0,0.9829,16.79,101.84,154.75
28,0.937,AGREE,1,0.9539,1017.15,695.84,109178.1,849.76,532.78,1184.54,858.9,1,1015.0,697.0,847.0,534.0,1183.0,860.0,0.9803,17.22,102.51,154.77
29,0.97,AGREE,1,0.955,1017.21,695.43,108682.0,850.12,532.81,1184.3,858.04,1,1015.0,697.0,847.0,534.0,1183.0,860.0,0.9775,23.44,101.44,154.8
30,1.004,AGREE,1,0.9555,1016.75,695.76,108956.6,849.61,532.79,1183.89,858.73,1,1015.5,696.5,844.0,530.0,1187.0,863.0,0.9539,23.47,102.69,154.77
31,1.037,AGREE,1,0.9563,1016.77,695.92,109077.8,849.49,532.9,1184.05,858.93,1,1015.0,697.0,847.0,534.0,1183.0,860.0,0.983,23.43,104.04,154.82
32,1.071,AGREE,1,0.9575,1016.32,695.52,108747.7,849.28,532.76,1183.35,858.29,1,1015.0,697.0,847.0,534.0,1183.0,860.0,0.9833,16.93,98.68,154.89
33,1.104,AGREE,1,0.9578,1016.25,694.81,108941.9,848.98,531.98,1183.51,857.63,1,1014.5,696.5,843.0,530.0,1186.0,863.0,0.9538,17.88,99.82,154.94
34,1.137,AGREE,1,0.9571,1015.57,694.69,108546.8,848.79,531.98,1182.34,857.41,1,1013.5,696.5,842.0,530.0,1185.0,863.0,0.9503,21.26,99.96,154.98
35,1.171,AGREE,1,0.9581,1016.03,694.5,108729.9,848.78,531.97,1183.28,857.02,1,1014.5,696.5,843.0,530.0,1186.0,863.0,0.9519,21.5,101.03,155.02
36,1.204,AGREE,1,0.9585,1015.74,694.16,108649.6,848.7,531.55,1182.77,856.78,1,1013.5,695.5,842.0,529.0,1185.0,862.0,0.9512,21.34,95.78,155.04
37,1.238,AGREE,1,0.9583,1015.76,694.06,108592.4,848.91,531.36,1182.62,856.77,1,1013.5,695.5,842.0,529.0,1185.0,862.0,0.9507,17.74,98.06,155.07
38,1.271,AGREE,1,0.9587,1015.64,693.96,108431.5,848.93,531.36,1182.35,856.57,1,1014.5,695.5,843.0,529.0,1186.0,862.0,0.9493,19.58,96.87,155.11
39,1.305,AGREE,1,0.9569,1016.24,693.85,108471.8,849.42,531.29,1183.06,856.41,1,1013.5,695.5,842.0,529.0,1185.0,862.0,0.9497,20.83,100.91,155.12
40,1.338,AGREE,1,0.9579,1016.29,693.84,108343.9,849.74,531.21,1182.85,856.46,1,1014.5,694.5,843.0,528.0,1186.0,861.0,0.9486,21.24,100.45,155.11
41,1.372,AGREE,1,0.9576,1016.57,693.96,108435.2,849.82,531.39,1183.33,856.52,1,1014.5,695.5,843.0,529.0,1186.0,862.0,0.9494,21.18,97.76,155.07
42,1.405,AGREE,1,0.957,1016.83,693.97,108502.5,850.07,531.31,1183.6,856.63,1,1014.5,695.5,843.0,529.0,1186.0,862.0,0.95,21.24,99.09,155.09
43,1.439,AGREE,1,0.9567,1016.65,693.59,108075.5,850.21,531.25,1183.09,855.92,1,1015.5,694.5,844.0,528.0,1187.0,861.0,0.9462,16.54,99.33,155.12
44,1.472,AGREE,1,0.9572,1016.54,693.51,108076.7,850.1,531.18,1182.99,855.84,1,1015.5,695.5,844.0,529.0,1187.0,862.0,0.9462,23.51,99.19,155.12
45,1.506,AGREE,1,0.9559,1017.03,693.52,108059.7,850.34,531.45,1183.72,855.59,1,1015.0,695.0,847.0,532.0,1183.0,858.0,0.979,23.55,105.3,155.13
46,1.539,AGREE,1,0.9568,1016.76,693.56,108185.6,850.23,531.16,1183.3,855.97,1,1014.5,694.5,843.0,528.0,1186.0,861.0,0.9472,21.26,105.28,155.13
47,1.572,AGREE,1,0.9569,1017.34,693.46,108380.3,850.4,531.16,1184.28,855.77,1,1015.5,694.5,844.0,528.0,1187.0,861.0,0.9489,23.78,99.75,155.18
48,1.606,AGREE,1,0.9566,1017.71,693.4,108412.1,850.53,531.29,1184.9,855.52,1,1015.5,694.5,844.0,528.0,1187.0,861.0,0.9492,19.21,102.36,155.17
49,1.639,AGREE,1,0.9573,1017.72,693.47,108374.0,850.61,531.34,1184.83,855.6,1,1015.5,694.5,844.0,528.0,1187.0,861.0,0.9488,19.64,99.42,155.15
50,1.673,AGREE,1,0.9565,1017.69,693.27,108262.1,850.57,531.31,1184.8,855.23,1,1014.5,694.5,843.0,528.0,1186.0,861.0,0.9478,22.64,100.55,155.17
51,1.706,AGREE,1,0.9571,1018.24,693.19,108164.4,851.12,531.38,1185.35,855.0,1,1015.5,694.5,844.0,528.0,1187.0,861.0,0.947,16.81,106.12,155.18
52,1.74,AGREE,1,0.9577,1018.32,693.43,108015.2,851.57,531.49,1185.07,855.37,1,1016.0,694.0,848.0,531.0,1184.0,857.0,0.9799,23.54,102.81,155.14
53,1.773,AGREE,1,0.9576,1018.1,693.39,108192.3,851.16,531.38,1185.05,855.41,1,1015.5,694.5,844.0,528.0,1187.0,861.0,0.9472,23.48,102.08,155.12
54,1.807,AGREE,1,0.958,1017.82,693.2,108166.2,850.94,531.16,1184.69,855.25,1,1015.5,694.5,844.0,528.0,1187.0,861.0,0.947,16.26,106.71,155.1
55,1.84,AGREE,1,0.9579,1017.43,693.31,108355.1,850.5,531.03,1184.35,855.6,1,1015.5,694.5,844.0,528.0,1187.0,861.0,0.9487,17.51,98.68,155.15
56,1.874,AGREE,1,0.9572,1018.08,693.32,108277.9,851.21,531.09,1184.94,855.54,1,1015.5,694.5,844.0,528.0,1187.0,861.0,0.948,24.33,100.96,155.2
57,1.907,AGREE,1,0.9572,1018.13,693.23,108230.1,851.21,531.14,1185.06,855.32,1,1016.5,694.5,845.0,528.0,1188.0,861.0,0.9476,19.34,104.03,155.21
58,1.94,AGREE,1,0.9549,1018.95,693.06,107878.9,852.28,531.24,1185.61,854.88,1,1016.5,694.5,845.0,528.0,1188.0,861.0,0.9445,21.34,103.51,155.21
59,1.974,AGREE,1,0.9573,1019.0,693.13,107987.2,852.17,531.3,1185.83,854.95,1,1016.5,694.5,845.0,528.0,1188.0,861.0,0.9454,20.94,105.43,155.2
60,2.007,AGREE,1,0.956,1019.71,693.26,107548.3,853.31,531.68,1186.1,854.85,1,1016.5,694.5,845.0,528.0,1188.0,861.0,0.9416,23.52,103.72,155.1
61,2.041,AGREE,1,0.9588,1019.72,693.18,107240.0,853.47,531.91,1185.96,854.45,1,1017.5,694.5,846.0,528.0,1189.0,861.0,0.9389,17.39,106.29,155.13
62,2.074,AGREE,1,0.9574,1019.82,693.23,107449.8,853.31,531.91,1186.34,854.55,1,1016.5,693.5,845.0,527.0,1188.0,860.0,0.9407,17.08,104.93,155.15
63,2.108,AGREE,1,0.9574,1019.78,693.36,107666.4,853.27,531.7,1186.28,855.02,1,1016.5,694.5,845.0,528.0,1188.0,861.0,0.9426,20.14,108.74,155.14
64,2.141,AGREE,1,0.9563,1019.79,693.06,107440.4,853.31,531.72,1186.26,854.41,1,1017.0,694.0,849.0,531.0,1185.0,857.0,0.9736,23.58,98.45,155.19
65,2.175,AGREE,1,0.9571,1019.73,693.16,107638.5,853.18,531.59,1186.27,854.74,1,1016.5,694.5,845.0,528.0,1188.0,861.0,0.9424,23.56,100.66,155.19
66,2.208,AGREE,1,0.9578,1019.36,692.97,107725.8,852.8,531.27,1185.92,854.66,1,1016.5,694.5,845.0,528.0,1188.0,861.0,0.9432,17.67,102.76,155.17
67,2.242,AGREE,1,0.957,1019.58,693.17,107670.0,853.04,531.55,1186.13,854.79,1,1016.5,694.5,845.0,528.0,1188.0,861.0,0.9427,17.8,100.04,155.2
68,2.275,AGREE,1,0.9578,1019.73,693.39,107608.8,853.2,531.85,1186.26,854.94,1,1016.5,694.5,845.0,528.0,1188.0,861.0,0.9421,17.75,99.7,155.19
69,2.308,AGREE,1,0.9565,1019.72,693.19,107536.1,853.33,531.62,1186.11,854.76,1,1016.5,695.5,845.0,529.0,1188.0,862.0,0.9415,20.78,98.91,155.19
70,2.342,AGREE,1,0.9587,1019.75,693.33,107456.5,853.4,531.85,1186.1,854.82,1,1016.5,694.5,845.0,528.0,1188.0,861.0,0.9408,19.2,100.86,155.17
71,2.375,AGREE,1,0.9589,1019.95,693.52,107530.1,853.71,531.81,1186.19,855.23,1,1017.5,694.5,846.0,528.0,1189.0,861.0,0.9414,17.1,97.86,155.12
72,2.409,AGREE,1,0.9583,1020.1,693.47,107427.9,853.93,531.84,1186.26,855.09,1,1017.5,694.5,846.0,528.0,1189.0,861.0,0.9405,22.23,100.7,155.12
73,2.442,AGREE,1,0.9576,1020.68,693.25,107164.3,854.75,531.79,1186.6,854.71,1,1017.5,695.5,846.0,529.0,1189.0,862.0,0.9382,18.2,100.82,155.15
74,2.476,AGREE,1,0.958,1020.54,693.14,107300.2,854.56,531.52,1186.52,854.76,1,1017.5,695.5,846.0,529.0,1189.0,862.0,0.9394,24.45,99.42,155.16
75,2.509,AGREE,1,0.957,1020.22,693.3,107362.6,854.16,531.66,1186.28,854.93,1,1017.5,694.5,846.0,528.0,1189.0,861.0,0.94,19.58,102.71,155.13
76,2.543,AGREE,1,0.9573,1020.16,693.33,107322.1,853.97,531.87,1186.34,854.78,1,1017.5,694.5,846.0,528.0,1189.0,861.0,0.9396,21.8,101.15,155.14
77,2.576,AGREE,1,0.9583,1020.2,693.12,107383.2,854.0,531.59,1186.39,854.65,1,1017.5,694.5,846.0,528.0,1189.0,861.0,0.9402,25.0,98.4,155.18
78,2.61,AGREE,1,0.9573,1020.41,693.15,107278.7,854.22,531.77,1186.59,854.54,1,1018.5,694.5,847.0,528.0,1190.0,861.0,0.9392,23.57,103.41,155.21
79,2.643,AGREE,1,0.9586,1020.36,693.05,107106.0,854.38,531.72,1186.34,854.37,1,1018.5,694.5,847.0,528.0,1190.0,861.0,0.9377,18.27,102.05,155.24
80,2.676,AGREE,1,0.9565,1020.45,693.02,107261.9,854.17,531.74,1186.72,854.29,1,1018.5,694.5,847.0,528.0,1190.0,861.0,0.9391,16.8,104.69,155.29
81,2.71,AGREE,1,0.9566,1020.53,693.09,107406.3,854.28,531.59,1186.79,854.6,1,1018.5,694.5,847.0,528.0,1190.0,861.0,0.9404,21.4,101.49,155.29
82,2.743,AGREE,1,0.9553,1021.49,692.76,107434.2,854.93,531.51,1188.05,854.02,1,1018.5,694.5,847.0,528.0,1190.0,861.0,0.9406,20.99,100.34,155.32
83,2.777,AGREE,1,0.9564,1021.35,692.78,107330.2,855.1,531.38,1187.6,854.18,1,1018.5,694.5,847.0,528.0,1190.0,861.0,0.9397,23.57,104.98,155.27
84,2.81,AGREE,1,0.9556,1020.94,692.7,107214.9,854.91,531.26,1186.97,854.14,1,1018.5,694.5,847.0,528.0,1190.0,861.0,0.9387,16.59,105.5,155.23
85,2.844,AGREE,1,0.9558,1021.01,692.49,107251.9,854.98,531.0,1187.04,853.99,1,1019.5,694.5,848.0,528.0,1191.0,861.0,0.939,21.25,107.08,155.24
86,2.877,AGREE,1,0.9568,1021.48,692.55,107201.8,855.37,531.2,1187.58,853.89,1,1019.5,694.5,848.0,528.0,1191.0,861.0,0.9386,17.42,107.78,155.24
87,2.911,AGREE,1,0.9562,1020.96,692.32,107323.3,855.06,530.59,1186.87,854.04,1,1018.5,694.5,847.0,528.0,1190.0,861.0,0.9396,24.33,105.3,155.25
88,2.944,AGREE,1,0.9576,1020.76,692.25,107358.2,854.83,530.51,1186.7,854.0,1,1018.5,694.5,847.0,528.0,1190.0,861.0,0.9399,21.2,101.67,155.25
89,2.978,AGREE,1,0.9565,1020.78,692.38,107346.4,854.78,530.7,1186.77,854.05,1,1019.5,694.5,848.0,528.0,1191.0,861.0,0.9398,17.47,102.18,155.27
90,3.011,AGREE,1,0.955,1020.9,692.29,107497.7,854.73,530.55,1187.06,854.02,1,1019.5,693.5,848.0,527.0,1191.0,860.0,0.9412,16.59,99.1,155.28
91,3.044,AGREE,1,0.9551,1020.58,691.96,107697.2,854.44,529.9,1186.71,854.02,1,1018.5,693.5,847.0,527.0,1190.0,860.0,0.9429,21.25,98.31,155.31
92,3.078,AGREE,1,0.9545,1020.69,691.98,107862.8,854.43,529.79,1186.94,854.18,1,1018.5,693.5,847.0,527.0,1190.0,860.0,0.9444,16.69,99.24,155.33
93,3.111,AGREE,1,0.9554,1020.74,691.91,107891.0,854.5,529.66,1186.98,854.16,1,1018.5,693.5,847.0,527.0,1190.0,860.0,0.9446,17.51,106.29,155.32
94,3.145,AGREE,1,0.9571,1021.15,691.79,107784.8,855.09,529.52,1187.21,854.06,1,1019.5,693.5,848.0,527.0,1191.0,860.0,0.9437,21.49,110.47,155.34
95,3.178,AGREE,1,0.9561,1021.17,691.92,107614.8,855.23,529.79,1187.1,854.05,1,1019.5,693.5,848.0,527.0,1191.0,860.0,0.9422,21.29,111.36,155.31
96,3.212,AGREE,1,0.9576,1021.16,691.87,107642.9,855.16,529.76,1187.16,853.98,1,1019.5,693.5,848.0,527.0,1191.0,860.0,0.9424,24.38,102.17,155.34
97,3.245,AGREE,1,0.9597,1021.3,691.87,107475.6,855.48,529.84,1187.12,853.91,1,1019.5,693.5,848.0,527.0,1191.0,860.0,0.941,21.52,105.69,155.34
98,3.279,AGREE,1,0.9581,1021.42,692.22,107209.0,855.66,530.52,1187.17,853.91,1,1019.5,693.5,848.0,527.0,1191.0,860.0,0.9386,21.32,104.4,155.31
99,3.312,AGREE,1,0.9566,1021.58,692.36,107237.1,855.8,530.64,1187.35,854.08,1,1019.5,693.5,848.0,527.0,1191.0,860.0,0.9389,21.34,103.5,155.3
100,3.346,AGREE,1,0.9585,1021.6,692.41,107092.1,856.05,530.69,1187.15,854.14,1,1020.5,694.5,849.0,528.0,1192.0,861.0,0.9376,21.46,104.84,155.31
101,3.379,AGREE,1,0.9564,1021.49,692.43,107202.4,855.61,530.87,1187.38,853.99,1,1019.5,693.5,848.0,527.0,1191.0,860.0,0.9386,21.5,105.05,155.3
102,3.412,AGREE,1,0.957,1021.62,692.41,107007.5,856.04,530.84,1187.2,853.97,1,1020.5,693.5,849.0,527.0,1192.0,860.0,0.9369,24.46,108.31,155.28
103,3.446,AGREE,1,0.9585,1021.85,692.42,106915.4,856.4,530.87,1187.3,853.97,1,1020.5,693.5,849.0,527.0,1192.0,860.0,0.9361,25.05,106.49,155.29
104,3.479,AGREE,1,0.9583,1021.75,692.47,106966.6,856.26,530.87,1187.23,854.07,1,1020.5,693.5,849.0,527.0,1192.0,860.0,0.9365,16.99,107.94,155.31
105,3.513,AGREE,1,0.9577,1021.67,692.4,107056.1,856.08,530.77,1187.26,854.03,1,1019.5,694.5,848.0,528.0,1191.0,861.0,0.9373,18.83,100.8,155.32
106,3.546,AGREE,1,0.9588,1021.96,692.06,106998.7,856.54,530.35,1187.37,853.77,1,1020.5,694.5,849.0,528.0,1192.0,861.0,0.9368,23.44,104.2,155.37
107,3.58,AGREE,1,0.9598,1022.14,691.88,107063.2,856.74,530.05,1187.54,853.71,1,1020.5,694.5,849.0,528.0,1192.0,861.0,0.9374,23.38,98.95,155.4
108,3.613,AGREE,1,0.9612,1022.46,690.93,106851.4,857.45,529.06,1187.48,852.81,1,1020.5,693.5,849.0,527.0,1192.0,860.0,0.9355,23.54,95.42,155.41
109,3.647,AGREE,1,0.9609,1022.6,690.76,106723.5,857.75,528.91,1187.45,852.61,1,1021.5,693.5,850.0,527.0,1193.0,860.0,0.9344,24.06,105.98,155.41
110,3.68,AGREE,1,0.9605,1022.65,690.95,106847.1,857.81,528.9,1187.49,853.0,1,1021.5,693.5,850.0,527.0,1193.0,860.0,0.9355,18.91,108.39,155.4
111,3.714,AGREE,1,0.9605,1022.65,691.17,106933.3,857.83,528.98,1187.48,853.36,1,1021.5,693.5,850.0,527.0,1193.0,860.0,0.9362,18.24,109.62,155.38
112,3.747,AGREE,1,0.96,1022.65,691.13,106814.6,857.72,529.22,1187.58,853.04,1,1021.5,693.5,850.0,527.0,1193.0,860.0,0.9352,23.64,100.34,155.38
113,3.78,AGREE,1,0.9599,1022.75,691.2,106649.1,857.75,529.61,1187.75,852.79,1,1021.5,692.5,850.0,526.0,1193.0,859.0,0.9337,21.85,103.6,155.37
114,3.814,AGREE,1,0.9611,1022.92,691.1,106709.3,858.01,529.33,1187.83,852.87,1,1021.5,693.5,850.0,527.0,1193.0,860.0,0.9343,21.88,108.05,155.35
115,3.847,AGREE,1,0.9615,1022.95,691.1,106776.4,858.06,529.2,1187.83,852.99,1,1021.5,693.5,850.0,527.0,1193.0,860.0,0.9348,16.29,111.59,155.35
116,3.881,AGREE,1,0.9607,1023.03,691.01,106841.3,858.13,529.03,1187.94,852.98,1,1021.5,693.5,850.0,527.0,1193.0,860.0,0.9354,16.71,112.98,155.38
117,3.914,AGREE,1,0.9619,1023.05,690.57,106685.5,858.16,528.83,1187.95,852.32,1,1021.5,693.5,850.0,527.0,1193.0,860.0,0.934,23.51,112.81,155.39
118,3.948,AGREE,1,0.962,1023.59,690.46,106568.2,858.75,528.84,1188.44,852.07,1,1022.5,693.5,851.0,527.0,1194.0,860.0,0.933,16.31,108.69,155.41
119,3.981,AGREE,1,0.9608,1023.55,690.25,106548.0,858.67,528.69,1188.43,851.8,1,1022.5,693.5,851.0,527.0,1194.0,860.0,0.9328,21.29,103.95,155.44
120,4.015,AGREE,1,0.9616,1023.44,690.16,106620.2,858.63,528.43,1188.24,851.89,1,1022.5,692.5,851.0,526.0,1194.0,859.0,0.9335,17.08,101.59,155.47
121,4.048,AGREE,1,0.9618,1023.71,690.22,106805.1,858.71,528.4,1188.71,852.05,1,1022.5,693.5,851.0,527.0,1194.0,860.0,0.9351,16.29,97.16,155.49
122,4.082,AGREE,1,0.9603,1023.64,690.09,106544.5,858.8,528.5,1188.48,851.67,1,1022.5,692.5,851.0,526.0,1194.0,859.0,0.9328,23.49,96.47,155.5
123,4.115,AGREE,1,0.9602,1023.74,689.96,106496.9,858.96,528.39,1188.52,851.54,1,1022.5,693.5,851.0,527.0,1194.0,860.0,0.9324,23.56,93.3,155.51
124,4.148,AGREE,1,0.9611,1023.81,690.37,106477.7,859.02,528.84,1188.61,851.9,1,1023.0,693.0,855.0,530.0,1191.0,856.0,0.9652,23.47,95.33,155.48
125,4.182,AGREE,1,0.9621,1023.73,690.87,106251.2,859.01,529.6,1188.44,852.13,1,1022.5,692.5,851.0,526.0,1194.0,859.0,0.9302,23.52,95.66,155.41
126,4.215,AGREE,1,0.9617,1023.49,691.21,106211.7,858.91,529.87,1188.06,852.56,1,1022.5,693.5,851.0,527.0,1194.0,860.0,0.9299,23.25,98.21,155.34
127,4.249,AGREE,1,0.9614,1023.55,691.0,105996.4,859.08,529.88,1188.02,852.12,1,1022.5,693.5,851.0,527.0,1194.0,860.0,0.928,22.2,100.6,155.28
128,4.282,AGREE,1,0.9596,1023.47,690.61,105954.3,859.01,529.54,1187.92,851.68,1,1022.5,693.5,851.0,527.0,1194.0,860.0,0.9276,21.99,97.88,155.27
129,4.316,AGREE,1,0.9612,1023.39,690.56,105957.7,858.94,529.48,1187.83,851.65,1,1022.5,693.5,851.0,527.0,1194.0,860.0,0.9277,24.27,100.64,155.31
130,4.349,AGREE,1,0.9606,1023.58,690.4,106057.8,859.09,529.21,1188.07,851.59,1,1022.5,693.5,851.0,527.0,1194.0,860.0,0.9285,24.19,108.2,155.43
131,4.383,AGREE,1,0.9613,1023.62,690.49,106227.5,858.99,529.18,1188.25,851.8,1,1022.5,693.5,851.0,527.0,1194.0,860.0,0.93,23.4,109.12,155.49
132,4.416,AGREE,1,0.9615,1023.59,690.56,106094.3,859.14,529.28,1188.05,851.84,1,1022.5,693.5,851.0,527.0,1194.0,860.0,0.9289,23.59,105.08,155.53
133,4.45,AGREE,1,0.9614,1023.58,690.45,106076.3,859.2,529.12,1187.96,851.78,1,1022.5,693.5,851.0,527.0,1194.0,860.0,0.9287,21.35,104.08,155.52
134,4.483,AGREE,1,0.9608,1023.65,690.18,106188.8,859.13,528.82,1188.16,851.55,1,1022.5,692.5,851.0,526.0,1194.0,859.0,0.9297,21.34,104.22,155.55
135,4.516,AGREE,1,0.9609,1023.58,690.22,106153.0,859.11,528.86,1188.05,851.58,1,1022.5,692.5,851.0,526.0,1194.0,859.0,0.9294,21.21,109.12,155.54
136,4.55,AGREE,1,0.9597,1023.66,690.01,106158.6,859.13,528.7,1188.19,851.31,1,1022.5,692.5,851.0,526.0,1194.0,859.0,0.9294,21.89,103.42,155.52
137,4.583,AGREE,1,0.9599,1023.53,690.3,106135.2,858.95,529.08,1188.12,851.51,1,1022.5,692.5,851.0,526.0,1194.0,859.0,0.9292,19.52,105.53,155.51
138,4.617,AGREE,1,0.9593,1023.51,690.12,106021.3,858.99,529.01,1188.03,851.23,1,1022.5,692.5,851.0,526.0,1194.0,859.0,0.9282,20.04,102.61,155.5
139,4.65,AGREE,1,0.9597,1023.63,690.18,106034.9,859.19,528.98,1188.08,851.39,1,1022.5,692.5,851.0,526.0,1194.0,859.0,0.9283,17.66,105.97,155.49
140,4.684,AGREE,1,0.9602,1023.95,690.29,105967.8,859.53,529.16,1188.36,851.42,1,1022.5,693.5,851.0,527.0,1194.0,860.0,0.9278,21.79,110.18,155.39
141,4.717,AGREE,1,0.9598,1023.74,690.42,106046.9,859.32,529.18,1188.17,851.66,1,1023.0,693.0,855.0,530.0,1191.0,856.0,0.9633,19.53,113.89,155.32
142,4.751,AGREE,1,0.9602,1023.88,690.56,106064.3,859.32,529.42,1188.44,851.69,1,1022.5,693.5,851.0,527.0,1194.0,860.0,0.9286,17.91,111.77,155.3
143,4.784,AGREE,1,0.9599,1024.38,690.77,105813.1,860.08,529.77,1188.68,851.78,1,1023.5,693.5,852.0,527.0,1195.0,860.0,0.9264,23.38,106.46,155.31
144,4.818,AGREE,1,0.9615,1024.76,690.73,105748.5,860.53,529.75,1188.99,851.71,1,1023.5,693.5,852.0,527.0,1195.0,860.0,0.9258,17.37,99.77,155.31
145,4.851,AGREE,1,0.9612,1025.28,690.68,105944.1,860.99,529.47,1189.57,851.89,1,1023.5,693.5,852.0,527.0,1195.0,860.0,0.9276,16.74,101.54,155.34
146,4.885,AGREE,1,0.9598,1025.31,691.05,105969.9,860.9,529.92,1189.73,852.18,1,1023.5,693.5,852.0,527.0,1195.0,860.0,0.9278,21.52,99.59,155.38
147,4.918,AGREE,1,0.9609,1025.08,690.68,106046.7,860.66,529.44,1189.51,851.92,1,1024.0,694.0,856.0,531.0,1192.0,857.0,0.959,21.49,91.95,155.42
148,4.951,AGREE,1,0.9615,1025.42,690.5,105983.4,861.03,529.33,1189.82,851.68,1,1023.5,692.5,852.0,526.0,1195.0,859.0,0.9279,21.39,98.85,155.39
149,4.985,AGREE,1,0.9627,1025.78,691.06,105658.7,861.62,530.15,1189.93,851.97,1,1024.5,693.5,853.0,527.0,1196.0,860.0,0.9251,16.9,98.13,155.29
150,5.018,AGREE,1,0.9605,1026.15,691.85,105180.9,862.33,531.33,1189.97,852.36,1,1024.5,693.5,853.0,527.0,1196.0,860.0,0.9209,21.75,99.71,155.1
151,5.052,AGREE,1,0.9623,1025.55,692.73,105338.0,861.83,531.88,1189.28,853.57,1,1024.5,694.5,853.0,528.0,1196.0,861.0,0.9222,17.64,98.56,155.01
152,5.085,AGREE,1,0.961,1025.64,692.61,105177.7,862.07,531.85,1189.2,853.37,1,1025.5,694.5,854.0,528.0,1197.0,861.0,0.9208,19.78,94.98,154.95
153,5.119,AGREE,1,0.9621,1025.58,692.96,105256.6,861.99,532.11,1189.18,853.81,1,1025.0,694.0,857.0,531.0,1193.0,857.0,0.9609,23.5,96.19,154.89
154,5.152,AGREE,1,0.9618,1025.38,692.99,105211.1,861.8,532.19,1188.97,853.78,1,1024.5,694.5,853.0,528.0,1196.0,861.0,0.9211,23.58,96.05,154.89
155,5.186,AGREE,1,0.9616,1025.25,692.95,105170.6,861.8,532.09,1188.7,853.82,1,1025.0,695.0,857.0,532.0,1193.0,858.0,0.9601,23.35,94.96,154.91
156,5.219,AGREE,1,0.9623,1025.63,692.84,105124.7,862.23,532.01,1189.04,853.67,1,1025.0,695.0,857.0,532.0,1193.0,858.0,0.9597,17.95,96.6,154.99
157,5.253,AGREE,1,0.9632,1026.08,693.07,105174.2,862.7,532.14,1189.46,854.0,1,1024.5,695.5,853.0,529.0,1196.0,862.0,0.9208,24.4,90.55,155.0
158,5.286,AGREE,1,0.964,1026.43,693.18,105048.6,863.25,532.24,1189.61,854.12,1,1025.5,696.5,854.0,530.0,1197.0,863.0,0.9197,24.45,96.16,154.9
159,5.319,AGREE,1,0.9641,1026.84,693.52,104591.6,864.06,532.9,1189.63,854.15,1,1025.5,696.5,854.0,530.0,1197.0,863.0,0.9157,24.47,88.56,154.86
160,5.353,AGREE,1,0.9635,1026.85,693.5,104708.4,863.88,532.88,1189.83,854.12,1,1025.5,696.5,854.0,530.0,1197.0,863.0,0.9167,20.26,91.49,154.85
161,5.386,AGREE,1,0.9636,1026.53,693.86,104489.9,863.61,533.52,1189.44,854.21,1,1025.5,696.5,854.0,530.0,1197.0,863.0,0.9148,24.37,97.16,154.87
162,5.42,AGREE,1,0.9626,1026.45,693.97,104585.4,863.48,533.54,1189.42,854.41,1,1025.5,696.5,854.0,530.0,1197.0,863.0,0.9157,22.26,101.57,154.84
163,5.453,AGREE,1,0.9623,1026.62,694.15,104426.3,863.89,533.73,1189.35,854.58,1,1026.0,697.0,858.0,534.0,1194.0,860.0,0.9518,16.74,101.81,154.81
164,5.487,AGREE,1,0.963,1026.96,694.84,104594.0,864.3,534.09,1189.63,855.59,1,1026.5,697.5,855.0,531.0,1198.0,864.0,0.9157,21.56,100.53,154.72
165,5.52,AGREE,1,0.9659,1027.9,695.18,104927.4,864.69,534.46,1191.11,855.91,1,1026.5,698.5,855.0,532.0,1198.0,865.0,0.9187,19.91,97.32,154.67
166,5.554,AGREE,1,0.9657,1028.35,695.6,104783.8,865.32,534.92,1191.38,856.28,1,1028.5,698.5,857.0,532.0,1200.0,865.0,0.9174,21.28,95.89,154.58
167,5.587,AGREE,1,0.9669,1028.9,696.18,104938.4,865.65,535.48,1192.15,856.88,1,1028.5,699.5,857.0,533.0,1200.0,866.0,0.9187,21.51,96.02,154.58
168,5.621,AGREE,1,0.9681,1028.84,696.81,104619.6,865.64,536.54,1192.03,857.07,1,1028.5,700.5,857.0,534.0,1200.0,867.0,0.916,23.32,91.37,154.49
169,5.654,AGREE,1,0.9675,1028.85,697.11,104837.9,865.86,536.3,1191.83,857.92,1,1028.5,701.5,857.0,535.0,1200.0,868.0,0.9179,23.55,95.78,154.35
170,5.687,AGREE,1,0.9664,1028.83,697.82,105068.4,865.44,537.06,1192.23,858.58,1,1029.5,701.5,858.0,535.0,1201.0,868.0,0.9199,21.33,97.27,154.29
171,5.721,AGREE,1,0.966,1029.57,698.09,105234.9,866.0,537.25,1193.13,858.94,1,1030.5,702.5,859.0,536.0,1202.0,869.0,0.9213,17.56,100.13,154.2
172,5.754,AGREE,1,0.9655,1029.63,698.28,105312.4,866.07,537.31,1193.18,859.26,1,1030.0,702.0,862.0,539.0,1198.0,865.0,0.9516,23.64,103.48,154.09
173,5.788,AGREE,1,0.9664,1030.34,699.08,105676.2,866.44,537.88,1194.23,860.28,1,1030.5,702.5,859.0,536.0,1202.0,869.0,0.9252,18.11,103.02,154.06
174,5.821,AGREE,1,0.9667,1031.23,699.29,105481.4,867.78,537.96,1194.69,860.62,1,1030.5,703.5,859.0,537.0,1202.0,870.0,0.9235,21.39,99.9,153.97
175,5.855,AGREE,1,0.9661,1031.22,699.74,105192.8,868.21,538.41,1194.22,861.08,1,1031.5,704.5,860.0,538.0,1203.0,871.0,0.921,18.39,97.42,153.89
176,5.888,AGREE,1,0.966,1031.32,700.56,105751.6,868.07,538.61,1194.57,862.5,1,1031.5,705.5,860.0,539.0,1203.0,872.0,0.9237,20.84,96.7,153.84
177,5.922,AGREE,1,0.9658,1031.57,701.02,105537.2,868.06,539.66,1195.08,862.38,1,1032.5,704.5,861.0,538.0,1204.0,871.0,0.924,16.49,104.38,153.79
178,5.955,AGREE,1,0.9657,1033.14,701.5,105819.8,869.26,540.07,1197.01,862.93,1,1033.5,705.5,862.0,539.0,1205.0,872.0,0.9265,21.37,103.96,153.75
179,5.989,AGREE,1,0.9656,1033.87,701.97,105553.2,870.34,540.61,1197.4,863.34,1,1034.0,705.0,866.0,542.0,1202.0,868.0,0.9555,17.65,102.57,153.7
180,6.022,AGREE,1,0.965,1034.06,702.26,105445.6,870.59,541.01,1197.53,863.52,1,1033.5,705.5,862.0,539.0,1205.0,872.0,0.9232,16.48,100.96,153.72
181,6.055,AGREE,1,0.9663,1034.05,702.78,105360.0,870.31,541.91,1197.78,863.65,1,1034.5,706.5,863.0,540.0,1206.0,873.0,0.9224,24.32,99.31,153.82
182,6.089,AGREE,1,0.9639,1034.51,702.85,105300.7,870.85,542.0,1198.18,863.69,1,1034.0,707.0,866.0,544.0,1202.0,870.0,0.9497,24.84,100.08,153.91
183,6.122,AGREE,1,0.963,1034.84,702.91,105314.3,871.16,542.06,1198.52,863.77,1,1034.0,706.0,866.0,543.0,1202.0,869.0,0.956,24.98,103.62,153.95
184,6.156,AGREE,1,0.9633,1034.59,703.02,105554.4,870.54,542.15,1198.63,863.88,1,1034.0,706.0,866.0,543.0,1202.0,869.0,0.9587,24.44,102.62,153.96
185,6.189,AGREE,1,0.9624,1034.38,703.46,105045.2,870.67,543.05,1198.1,863.86,1,1033.5,706.5,862.0,540.0,1205.0,873.0,0.9197,18.1,104.37,153.95
186,6.223,AGREE,1,0.9632,1033.8,704.38,105028.8,870.43,543.66,1197.17,865.11,1,1033.5,706.5,862.0,540.0,1205.0,873.0,0.9195,17.07,99.05,153.88
187,6.256,AGREE,1,0.9632,1033.89,704.67,105254.8,870.58,543.55,1197.21,865.79,1,1034.5,707.5,863.0,541.0,1206.0,874.0,0.9215,20.27,99.42,153.85
188,6.29,AGREE,1,0.9631,1033.67,704.83,105450.6,870.06,543.7,1197.27,865.97,1,1034.5,707.5,863.0,541.0,1206.0,874.0,0.9232,24.52,104.62,153.8
189,6.323,AGREE,1,0.9626,1033.64,704.86,105854.4,869.8,543.34,1197.48,866.39,1,1033.5,708.5,862.0,542.0,1205.0,875.0,0.9268,22.33,107.3,153.77
190,6.357,AGREE,1,0.9622,1033.34,705.14,105991.4,869.48,543.43,1197.2,866.85,1,1034.5,707.5,863.0,541.0,1206.0,874.0,0.928,17.86,108.53,153.77
191,6.39,AGREE,1,0.9637,1032.92,704.87,105751.7,869.25,543.34,1196.59,866.41,1,1033.5,708.5,862.0,542.0,1205.0,875.0,0.9259,17.37,101.37,153.72
192,6.423,AGREE,1,0.9635,1033.21,705.41,106029.4,869.27,543.72,1197.15,867.1,1,1034.0,708.0,866.0,545.0,1202.0,871.0,0.9604,23.36,99.86,153.66
193,6.457,AGREE,1,0.9627,1033.69,705.49,105556.8,870.21,544.07,1197.17,866.92,1,1033.5,708.5,862.0,542.0,1205.0,875.0,0.9242,16.79,102.84,153.55
194,6.49,AGREE,1,0.9639,1034.0,705.99,105786.0,870.52,544.22,1197.48,867.77,1,1033.5,709.5,862.0,543.0,1205.0,876.0,0.9262,21.22,104.02,153.45
195,6.524,AGREE,1,0.9643,1034.66,706.97,105434.9,871.56,545.36,1197.75,868.59,1,1034.5,711.5,863.0,545.0,1206.0,878.0,0.9231,21.42,97.49,153.44
196,6.557,AGREE,1,0.9636,1035.46,707.05,105491.2,872.28,545.43,1198.64,868.67,1,1035.5,711.5,864.0,545.0,1207.0,878.0,0.9236,21.29,95.13,153.46
197,6.591,AGREE,1,0.9641,1035.36,707.9,105724.2,872.12,545.98,1198.6,869.82,1,1035.0,711.0,867.0,548.0,1203.0,874.0,0.9535,19.01,97.36,153.43
198,6.624,AGREE,1,0.9632,1035.67,708.77,105483.9,872.89,546.77,1198.45,870.77,1,1036.0,711.0,868.0,548.0,1204.0,874.0,0.9559,23.5,98.05,153.38
199,6.658,AGREE,1,0.9611,1036.34,709.02,105157.6,873.63,547.44,1199.05,870.59,1,1036.5,711.5,865.0,545.0,1208.0,878.0,0.9207,23.62,103.83,153.32
200,6.691,AGREE,1,0.9597,1036.78,709.75,105171.2,873.88,548.34,1199.67,871.16,1,1037.0,713.0,869.0,550.0,1205.0,876.0,0.9505,23.76,100.53,153.27
201,6.725,AGREE,1,0.9615,1037.46,710.08,104996.1,874.89,548.63,1200.04,871.54,1,1036.0,713.0,868.0,550.0,1204.0,876.0,0.9506,23.69,97.83,153.29
202,6.758,AGREE,1,0.9605,1037.13,710.15,104952.8,874.61,548.72,1199.66,871.59,1,1035.5,713.5,864.0,547.0,1207.0,880.0,0.9189,17.45,96.85,153.29
203,6.791,AGREE,1,0.9607,1037.67,710.0,104869.7,875.2,548.63,1200.14,871.36,1,1036.5,713.5,865.0,547.0,1208.0,880.0,0.9181,23.49,97.92,153.32
204,6.825,AGREE,1,0.96,1038.33,709.77,105194.9,875.59,548.17,1201.08,871.36,1,1037.5,713.5,866.0,547.0,1209.0,880.0,0.921,17.88,100.64,153.39
205,6.858,AGREE,1,0.9611,1038.92,710.05,105399.8,876.07,548.25,1201.77,871.86,1,1037.5,713.5,866.0,547.0,1209.0,880.0,0.9228,17.62,96.94,153.45
206,6.892,AGREE,1,0.962,1039.23,710.27,105603.5,876.15,548.39,1202.32,872.15,1,1037.5,713.5,866.0,547.0,1209.0,880.0,0.9246,20.07,96.37,153.43
207,6.925,AGREE,1,0.9609,1039.87,711.0,105877.5,876.78,548.7,1202.95,873.31,1,1037.5,714.5,866.0,548.0,1209.0,881.0,0.927,23.65,103.13,153.39
208,6.959,AGREE,1,0.9613,1040.81,710.93,106561.3,876.91,548.38,1204.7,873.47,1,1039.5,714.5,868.0,548.0,1211.0,881.0,0.933,16.91,102.39,153.41
209,6.992,AGREE,1,0.9627,1040.38,710.11,106127.7,876.81,547.9,1203.95,872.32,1,1039.5,714.5,868.0,548.0,1211.0,881.0,0.9286,17.36,100.22,153.49
210,7.026,AGREE,1,0.9615,1039.92,709.85,106004.2,876.61,547.58,1203.23,872.13,1,1040.0,714.0,872.0,551.0,1208.0,877.0,0.9479,21.87,98.87,153.47
211,7.059,AGREE,1,0.9624,1039.51,709.66,105859.3,876.2,547.6,1202.82,871.71,1,1039.0,714.0,871.0,551.0,1207.0,877.0,0.9467,22.09,100.9,153.47
212,7.093,AGREE,1,0.9612,1039.48,709.89,105892.1,876.08,547.87,1202.88,871.91,1,1038.5,713.5,867.0,547.0,1210.0,880.0,0.9271,21.85,99.07,153.45
213,7.126,AGREE,1,0.9617,1039.42,710.07,105784.7,876.21,548.03,1202.62,872.11,1,1038.5,714.5,867.0,548.0,1210.0,881.0,0.9262,20.2,100.99,153.4
214,7.159,AGREE,1,0.9627,1039.6,709.67,105697.4,876.48,547.68,1202.72,871.66,1,1038.5,714.5,867.0,548.0,1210.0,881.0,0.9236,18.59,98.01,153.33
215,7.193,AGREE,1,0.9625,1039.71,709.91,105874.0,876.46,547.77,1202.95,872.06,1,1039.5,714.5,868.0,548.0,1211.0,881.0,0.9257,21.28,102.54,153.27
216,7.226,AGREE,1,0.962,1039.92,709.9,105853.4,876.65,547.81,1203.19,871.98,1,1039.0,714.0,871.0,551.0,1207.0,877.0,0.9479,17.61,102.42,153.24
217,7.26,AGREE,1,0.9612,1040.35,710.28,105993.2,876.86,548.2,1203.84,872.36,1,1039.5,714.5,868.0,548.0,1211.0,881.0,0.928,16.72,98.72,153.22
218,7.293,AGREE,1,0.9605,1041.29,710.44,106058.7,877.81,548.25,1204.78,872.62,1,1040.5,714.5,869.0,548.0,1212.0,881.0,0.9286,16.62,99.5,153.23
219,7.327,AGREE,1,0.9616,1041.46,709.86,105978.7,877.9,547.88,1205.02,871.84,1,1041.5,714.5,870.0,548.0,1213.0,881.0,0.9272,18.76,93.86,153.31
220,7.36,AGREE,1,0.961,1041.45,709.01,106202.2,877.51,547.05,1205.38,870.97,1,1041.0,713.0,873.0,550.0,1209.0,876.0,0.9524,23.57,88.61,153.41
221,7.394,AGREE,1,0.9597,1041.4,708.35,106131.4,877.54,546.43,1205.25,870.28,1,1040.5,711.5,869.0,545.0,1212.0,878.0,0.9292,23.51,95.46,153.43
222,7.427,AGREE,1,0.9605,1041.29,707.93,106458.4,877.47,545.47,1205.11,870.4,1,1040.5,711.5,869.0,545.0,1212.0,878.0,0.9321,18.06,92.01,153.45
223,7.461,AGREE,1,0.9602,1041.18,707.44,106471.0,877.28,545.03,1205.07,869.84,1,1041.5,711.5,870.0,545.0,1213.0,878.0,0.9322,18.09,100.15,153.36
224,7.494,AGREE,1,0.9606,1041.66,707.07,106641.9,877.56,544.61,1205.76,869.54,1,1041.5,711.5,870.0,545.0,1213.0,878.0,0.9315,21.93,98.18,153.32
225,7.527,AGREE,1,0.9607,1042.46,706.96,106820.3,878.33,544.25,1206.59,869.66,1,1042.0,712.0,874.0,549.0,1210.0,875.0,0.9475,20.45,99.54,153.21
226,7.561,AGREE,1,0.9611,1043.17,706.9,106599.4,879.03,544.55,1207.32,869.26,1,1043.0,712.0,875.0,549.0,1211.0,875.0,0.9472,21.32,98.51,153.12
227,7.594,AGREE,1,0.9599,1044.16,706.23,106158.6,880.54,544.03,1207.78,868.44,1,1043.0,711.0,875.0,548.0,1211.0,874.0,0.9461,21.43,96.87,152.97
228,7.628,AGREE,1,0.9609,1044.38,705.87,105959.1,880.85,543.88,1207.9,867.86,1,1043.0,710.0,875.0,547.0,1211.0,873.0,0.9492,19.29,103.18,152.85
229,7.661,AGREE,1,0.961,1044.55,705.52,105888.5,881.4,543.26,1207.7,867.78,1,1043.0,710.0,875.0,547.0,1211.0,873.0,0.945,17.09,103.39,152.07
230,7.695,AGREE,1,0.9617,1044.64,704.85,105434.9,881.48,543.29,1207.8,866.4,1,1044.0,709.0,876.0,546.0,1212.0,872.0,0.9469,16.92,100.7,149.59
231,7.728,AGREE,1,0.9615,1044.65,704.16,105245.4,881.34,543.05,1207.97,865.27,1,1044.0,709.0,876.0,546.0,1212.0,872.0,0.9437,16.38,96.84,148.45
232,7.762,AGREE,1,0.9608,1045.03,703.8,105117.9,881.69,542.91,1208.37,864.68,1,1044.0,708.0,876.0,545.0,1212.0,871.0,0.9475,16.89,99.77,148.15
233,7.795,AGREE,1,0.9619,1045.07,703.4,104809.0,881.78,542.94,1208.36,863.87,1,1045.0,708.0,877.0,545.0,1213.0,871.0,0.9449,22.23,94.68,147.98
234,7.829,AGREE,1,0.9624,1046.05,703.48,105202.3,882.32,542.85,1209.79,864.1,1,1045.0,708.0,877.0,545.0,1213.0,871.0,0.9479,16.69,89.91,149.19
235,7.862,AGREE,1,0.9627,1046.72,703.57,105083.8,883.03,543.07,1210.4,864.06,1,1045.0,708.0,877.0,545.0,1213.0,871.0,0.9481,21.39,91.43,150.16
236,7.896,AGREE,1,0.9636,1046.7,704.64,105841.1,883.1,542.91,1210.31,866.37,1,1045.5,707.5,874.0,541.0,1217.0,874.0,0.9267,16.74,92.09,151.28
237,7.929,AGREE,1,0.9616,1046.56,704.75,105662.4,883.39,542.87,1209.74,866.64,1,1045.0,710.0,877.0,547.0,1213.0,873.0,0.9408,18.12,86.03,152.09
238,7.962,AGREE,1,0.961,1046.44,705.22,105445.2,883.44,543.49,1209.43,866.95,1,1045.0,710.0,877.0,547.0,1213.0,873.0,0.9424,23.48,92.84,152.83
239,7.996,AGREE,1,0.9619,1045.76,705.99,105797.0,882.63,543.86,1208.9,868.12,1,1045.0,711.0,877.0,548.0,1213.0,874.0,0.9419,17.46,88.63,153.52
240,8.029,AGREE,1,0.9614,1045.05,706.07,105587.6,882.01,544.18,1208.1,867.97,1,1044.0,710.0,876.0,547.0,1212.0,873.0,0.9476,17.18,94.65,153.94
241,8.063,AGREE,1,0.9638,1045.16,706.08,105305.8,882.19,544.54,1208.13,867.62,1,1043.5,710.5,872.0,544.0,1215.0,877.0,0.922,22.01,93.05,154.04
242,8.096,AGREE,1,0.9638,1044.76,706.29,105400.9,881.59,544.79,1207.92,867.78,1,1044.0,710.0,876.0,547.0,1212.0,873.0,0.9494,21.35,95.71,154.14
243,8.13,AGREE,1,0.9627,1044.19,706.32,105197.6,881.07,545.09,1207.31,867.54,1,1043.0,710.0,875.0,547.0,1211.0,873.0,0.9493,21.27,92.23,154.28
244,8.163,AGREE,1,0.9627,1043.49,706.72,105341.0,880.32,545.32,1206.66,868.11,1,1043.0,710.0,875.0,547.0,1211.0,873.0,0.9519,17.22,94.86,154.44
245,8.197,AGREE,1,0.961,1043.1,706.96,105497.4,879.9,545.35,1206.29,868.57,1,1042.0,710.0,874.0,547.0,1210.0,873.0,0.9535,21.84,97.29,154.62
246,8.23,AGREE,1,0.9573,1044.43,706.51,106265.1,880.09,544.86,1208.78,868.16,1,1043.5,710.5,872.0,544.0,1215.0,877.0,0.9304,23.47,93.24,154.76
247,8.264,AGREE,1,0.9478,1048.19,706.65,109196.6,879.71,544.62,1216.67,868.68,1,1043.0,711.0,875.0,548.0,1211.0,874.0,0.9444,23.52,94.15,154.85
248,8.297,AGREE,1,0.9482,1046.12,706.32,107381.0,880.02,544.7,1212.23,867.94,1,1043.0,711.0,875.0,548.0,1211.0,874.0,0.9538,23.5,94.15,154.95
249,8.33,AGREE,1,0.9449,1049.91,706.13,109448.3,880.23,544.88,1219.6,867.38,1,1043.0,710.0,875.0,547.0,1211.0,873.0,0.9377,24.91,97.59,155.06
250,8.364,AGREE,1,0.9416,1049.65,705.46,109497.9,880.19,543.92,1219.11,867.0,1,1043.0,710.0,875.0,547.0,1211.0,873.0,0.9354,26.01,93.83,155.21
251,8.397,AGREE,1,0.9397,1045.81,704.21,106920.1,880.46,542.55,1211.16,865.86,1,1043.0,709.0,875.0,546.0,1211.0,872.0,0.9549,24.11,98.65,155.31
252,8.431,AGREE,1,0.9313,1042.88,703.78,105005.6,879.93,542.67,1205.82,864.88,1,1043.0,709.0,875.0,546.0,1211.0,872.0,0.9394,23.93,100.65,155.39
253,8.464,AGREE,1,0.9331,1043.94,703.62,105379.4,880.21,542.71,1207.66,864.53,1,1043.0,708.0,875.0,545.0,1211.0,871.0,0.9487,23.96,104.04,155.46
254,8.498,AGREE,1,0.9365,1044.28,703.53,105469.5,880.14,542.89,1208.43,864.17,1,1043.0,708.0,875.0,545.0,1211.0,871.0,0.9506,23.8,105.12,155.51
255,8.531,AGREE,1,0.9384,1042.98,703.34,104889.8,879.87,542.57,1206.08,864.11,1,1043.0,708.0,875.0,545.0,1211.0,871.0,0.9435,19.15,102.13,155.57
256,8.565,AGREE,1,0.9333,1048.99,703.39,108650.8,879.84,542.81,1218.14,863.98,1,1043.0,708.0,875.0,545.0,1211.0,871.0,0.9385,21.26,104.93,155.55
257,8.598,AGREE,1,0.9353,1052.03,703.44,110797.6,879.63,542.77,1224.42,864.12,1,1042.0,707.0,874.0,544.0,1210.0,870.0,0.923,22.07,105.65,155.51
258,8.632,AGREE,1,0.9277,1044.85,703.28,106026.2,879.8,542.68,1209.89,863.88,1,1042.0,707.0,874.0,544.0,1210.0,870.0,0.9601,16.58,102.07,155.48
259,8.665,AGREE,1,0.9251,1046.99,703.35,107444.1,879.99,542.5,1213.98,864.2,1,1042.0,707.0,874.0,544.0,1210.0,870.0,0.9493,17.27,97.22,155.46
260,8.698,AGREE,1,0.9357,1046.49,703.05,106764.7,880.27,542.48,1212.72,863.63,1,1042.0,706.0,874.0,543.0,1210.0,869.0,0.956,17.47,99.86,155.46
261,8.732,AGREE,1,0.9414,1049.34,703.23,109393.1,879.22,542.47,1219.45,863.99,1,1041.5,705.5,870.0,539.0,1213.0,872.0,0.9228,18.16,98.95,155.51
262,8.765,AGREE,1,0.9404,1048.31,703.44,108844.2,879.39,542.35,1217.23,864.53,1,1040.5,706.5,869.0,540.0,1212.0,873.0,0.9246,24.37,95.51,155.52
263,8.799,AGREE,1,0.9246,1042.19,703.63,104655.2,879.66,542.64,1204.71,864.61,1,1041.5,706.5,870.0,540.0,1213.0,873.0,0.9163,23.74,100.22,155.63
264,8.832,AGREE,1,0.9035,1047.81,703.52,107885.7,880.23,542.57,1215.38,864.47,1,1041.5,706.5,870.0,540.0,1213.0,873.0,0.9316,19.84,94.09,155.58
265,8.866,AGREE,1,0.9116,1050.11,703.52,109423.5,880.23,542.49,1219.99,864.55,1,1041.0,707.0,873.0,544.0,1209.0,870.0,0.9279,21.46,96.9,155.59
266,8.899,AGREE,1,0.9013,1040.86,703.54,103198.9,880.58,542.57,1201.13,864.51,1,1040.5,706.5,869.0,540.0,1212.0,873.0,0.9035,16.66,98.78,155.64
267,8.933,AGREE,1,0.9134,1054.75,703.48,111341.1,881.86,542.49,1227.65,864.47,1,1042.5,706.5,871.0,540.0,1214.0,873.0,0.9016,21.59,93.77,155.71
268,8.966,AGREE,1,0.9139,1049.05,703.26,107437.1,882.33,542.15,1215.77,864.37,1,1043.5,706.5,872.0,540.0,1215.0,873.0,0.9364,17.74,94.35,155.8
269,9.0,AGREE,1,0.9205,1052.63,704.55,109668.4,882.38,543.51,1222.88,865.59,1,1042.5,706.5,871.0,540.0,1214.0,873.0,0.9123,16.96,93.87,155.93
270,9.033,AGREE,1,0.8958,1025.52,704.51,92087.3,882.54,543.5,1168.51,865.53,1,1042.5,707.5,871.0,541.0,1214.0,874.0,0.8062,23.62,98.19,156.03
271,9.066,AGREE,1,0.9076,1013.55,704.58,84484.5,882.8,543.04,1144.3,866.11,1,1042.5,707.5,871.0,541.0,1214.0,874.0,0.7397,23.43,97.12,156.12
272,9.1,AGREE,1,0.9226,1012.28,704.66,83802.9,882.87,542.77,1141.7,866.54,1,1043.5,708.5,872.0,542.0,1215.0,875.0,0.7337,22.07,97.36,156.21
273,9.133,AGREE,1,0.9268,1013.12,706.15,84495.6,882.91,543.93,1143.34,868.38,1,1042.5,709.5,871.0,543.0,1214.0,876.0,0.7398,22.38,96.33,156.29
274,9.167,AGREE,1,0.9179,1020.53,707.76,88938.6,883.53,545.46,1157.52,870.06,1,1044.5,710.5,873.0,544.0,1216.0,877.0,0.7787,21.95,93.64,156.34
275,9.2,AGREE,1,0.9159,1028.63,710.23,93589.9,884.67,547.71,1172.6,872.75,1,1046.5,712.5,875.0,546.0,1218.0,879.0,0.8194,17.56,99.08,156.44
276,9.234,AGREE,1,0.9166,1021.88,712.59,88740.6,885.62,549.77,1158.14,875.41,1,1049.5,716.5,878.0,550.0,1221.0,883.0,0.776,22.15,93.94,156.51
277,9.267,AGREE,1,0.9237,1022.27,717.06,87926.0,886.94,554.63,1157.6,879.5,1,1051.0,720.5,876.0,551.0,1226.0,890.0,0.7411,20.86,91.1,156.57
278,9.301,AGREE,1,0.905,1027.85,721.39,92332.1,887.52,556.91,1168.19,885.88,1,1055.0,725.5,880.0,556.0,1230.0,895.0,0.7782,21.97,91.27,156.69
279,9.334,AGREE,1,0.9052,1030.55,727.14,93700.9,889.93,560.55,1171.16,893.74,1,1059.0,732.5,884.0,563.0,1234.0,902.0,0.7794,21.9,97.01,156.77
280,9.368,AGREE,1,0.9191,1035.8,733.39,95132.6,893.84,565.85,1177.75,900.92,1,1065.0,738.5,890.0,569.0,1240.0,908.0,0.7883,17.55,97.77,156.88
281,9.401,AGREE,1,0.9305,1037.66,738.75,94376.6,898.89,568.74,1176.44,908.77,1,1069.5,745.0,891.0,572.0,1248.0,918.0,0.7512,24.26,97.37,156.98
282,9.434,AGREE,1,0.9363,1044.12,744.59,96107.9,903.96,573.16,1184.27,916.02,1,1074.5,753.0,896.0,580.0,1253.0,926.0,0.7509,23.24,95.5,157.06
283,9.468,AGREE,1,0.9375,1054.46,752.35,98670.5,910.94,580.47,1197.98,924.22,1,1081.0,760.5,899.0,584.0,1263.0,937.0,0.7541,24.94,92.99,157.09
284,9.501,AGREE,1,0.9384,1057.55,760.75,99540.4,914.92,586.28,1200.19,935.22,1,1090.0,770.5,908.0,594.0,1272.0,947.0,0.7448,17.18,90.56,157.14
285,9.535,AGREE,1,0.9168,1089.95,770.42,119838.4,921.98,592.05,1257.92,948.78,1,1096.0,779.5,914.0,603.0,1278.0,956.0,0.8789,22.96,87.66,157.14
286,9.568,AGREE,1,0.9236,1101.47,781.21,127228.2,925.37,600.59,1277.57,961.83,1,1104.0,792.5,922.0,616.0,1286.0,969.0,0.9095,22.93,89.69,157.16
287,9.602,AGREE,1,0.9263,1100.53,789.1,124723.2,928.94,607.38,1272.12,970.82,1,1110.5,804.0,932.0,631.0,1289.0,977.0,0.8712,17.24,87.33,157.26
288,9.635,AGREE,1,0.9267,1102.62,800.42,125216.8,933.37,615.47,1271.88,985.38,1,1116.0,817.5,934.0,641.0,1298.0,994.0,0.8471,23.11,86.29,157.44
289,9.669,AGREE,1,0.9283,1118.26,814.53,136868.4,936.71,626.06,1299.81,1003.0,1,1121.5,829.0,936.0,649.0,1307.0,1009.0,0.9059,17.55,88.81,157.69
290,9.702,AGREE,1,0.923,1125.86,827.39,142018.1,940.05,636.3,1311.66,1018.47,1,1125.0,843.5,936.0,660.0,1314.0,1027.0,0.9029,24.13,89.39,157.95
291,9.736,AGREE,1,0.9313,1097.99,839.61,120121.0,940.25,649.22,1255.72,1030.0,1,1130.0,855.0,937.0,668.0,1323.0,1042.0,0.7598,23.88,89.72,158.2
292,9.769,AGREE,1,0.9084,1120.4,851.59,140012.1,941.02,656.46,1299.78,1046.72,1,1134.0,870.0,937.0,679.0,1331.0,1061.0,0.8318,17.43,82.2,158.42
293,9.802,AGREE,1,0.9063,1110.52,861.13,131728.0,942.81,664.78,1278.24,1057.48,1,1139.0,882.0,938.0,687.0,1340.0,1077.0,0.7567,21.07,83.35,158.68
294,9.836,AGREE,1,0.902,1110.16,870.05,129492.5,945.06,673.97,1275.26,1066.13,1,1141.0,890.5,936.0,692.0,1346.0,1089.0,0.7322,17.39,82.45,159.07
295,9.869,AGREE,1,0.9088,1114.22,876.41,130906.8,947.17,680.49,1281.26,1072.32,1,1145.0,901.5,936.0,699.0,1354.0,1104.0,0.7108,17.37,81.02,159.45
296,9.903,AGREE,1,0.9004,1116.86,881.16,130234.4,949.43,686.69,1284.28,1075.63,1,1148.0,911.5,939.0,709.0,1357.0,1114.0,0.6945,23.43,72.69,160.98
297,9.936,AGREE,1,0.895,1117.96,884.26,128646.8,949.79,693.02,1286.13,1075.51,1,1149.0,916.5,936.0,710.0,1362.0,1123.0,0.6768,16.73,69.68,162.97
298,9.97,AGREE,1,0.8854,1118.1,886.09,128369.0,948.76,696.58,1287.45,1075.59,1,1149.5,920.0,932.0,709.0,1367.0,1131.0,0.6612,16.9,70.83,164.78
299,10.003,AGREE,1,0.8834,1117.87,887.3,127647.3,948.88,698.47,1286.86,1076.13,1,1150.5,924.0,929.0,709.0,1372.0,1139.0,0.6395,17.76,69.32,166.3
300,10.037,AGREE,1,0.8789,1119.02,887.68,126436.1,951.12,699.41,1286.91,1075.94,1,1151.5,927.0,930.0,712.0,1373.0,1142.0,0.6276,24.44,73.1,167.77
301,10.07,AGREE,1,0.8613,1119.24,888.83,124990.3,952.36,701.57,1286.11,1076.08,1,1154.5,930.0,933.0,715.0,1376.0,1145.0,0.6181,22.0,71.84,168.78
302,10.104,AGREE,1,0.8728,1120.98,889.42,124764.7,954.36,702.22,1287.59,1076.63,1,1155.5,932.0,934.0,717.0,1377.0,1147.0,0.6133,20.98,78.49,169.6
303,10.137,AGREE,1,0.8569,1122.21,889.72,124073.6,956.26,702.81,1288.16,1076.64,1,1157.5,933.0,936.0,718.0,1379.0,1148.0,0.6088,16.7,78.89,170.16
304,10.17,AGREE,1,0.8581,1122.99,889.86,123944.4,957.19,702.97,1288.78,1076.75,1,1157.5,933.0,936.0,718.0,1379.0,1148.0,0.6086,21.59,79.13,170.5
305,10.204,AGREE,1,0.8385,1123.54,889.91,123537.5,958.41,702.88,1288.67,1076.94,1,1158.5,932.0,937.0,717.0,1380.0,1147.0,0.6091,23.75,78.76,170.73
306,10.237,AGREE,1,0.8646,1123.09,888.66,125217.6,957.56,699.56,1288.63,1077.77,1,1158.5,930.0,937.0,715.0,1380.0,1145.0,0.614,23.75,75.79,170.81
307,10.271,AGREE,1,0.8659,1122.41,886.83,126716.3,955.94,696.54,1288.88,1077.13,1,1158.5,927.0,937.0,712.0,1380.0,1142.0,0.6214,23.69,68.4,170.75
308,10.304,AGREE,1,0.8281,1149.34,886.12,150208.8,954.86,693.03,1343.82,1079.21,1,1157.5,924.0,936.0,709.0,1379.0,1139.0,0.7321,23.69,65.0,170.64
309,10.338,AGREE,1,0.8822,1158.85,885.11,159650.5,953.1,691.12,1364.59,1079.1,1,1157.5,922.0,940.0,711.0,1375.0,1133.0,0.7899,25.2,62.33,170.5
310,10.371,AGREE,1,0.9053,1156.54,883.09,159756.6,952.45,687.4,1360.63,1078.78,1,1157.5,919.0,940.0,708.0,1375.0,1130.0,0.7884,24.99,63.36,170.47
311,10.405,AGREE,1,0.9074,1159.9,882.49,163061.2,953.07,685.4,1366.73,1079.59,1,1159.5,918.0,942.0,707.0,1377.0,1129.0,0.8006,23.32,61.43,170.4
312,10.438,AGREE,1,0.9091,1160.08,881.87,163102.8,953.68,684.31,1366.48,1079.43,1,1159.5,916.0,942.0,705.0,1377.0,1127.0,0.8046,19.79,64.26,170.2
313,10.472,AGREE,1,0.905,1162.43,881.5,163759.5,955.7,683.47,1369.17,1079.53,1,1160.5,915.0,943.0,704.0,1378.0,1126.0,0.8084,16.57,65.16,169.94
314,10.505,AGREE,1,0.9235,1161.45,880.82,163435.5,956.32,681.64,1366.59,1080.0,1,1161.5,913.0,944.0,702.0,1379.0,1124.0,0.808,17.32,72.92,169.73
315,10.538,AGREE,1,0.9197,1160.85,879.84,163541.7,956.59,679.69,1365.12,1080.0,1,1161.5,911.0,944.0,700.0,1379.0,1122.0,0.8091,21.62,72.34,169.51
316,10.572,AGREE,1,0.92,1163.22,878.97,165419.0,957.5,677.94,1368.93,1080.0,1,1162.5,909.0,945.0,698.0,1380.0,1120.0,0.8193,23.94,73.53,169.32
317,10.605,AGREE,1,0.9275,1164.17,878.52,165967.5,958.23,677.05,1370.11,1080.0,1,1162.5,908.0,945.0,697.0,1380.0,1119.0,0.8225,24.02,66.57,169.08
318,10.639,AGREE,1,0.9179,1164.08,878.45,165898.4,958.3,676.9,1369.86,1080.0,1,1162.5,908.0,945.0,697.0,1380.0,1119.0,0.8217,23.88,71.03,168.86
319,10.672,AGREE,1,0.9192,1164.31,878.22,166212.9,958.38,676.45,1370.25,1080.0,1,1163.5,906.0,946.0,695.0,1381.0,1117.0,0.8293,25.29,75.6,168.81
320,10.706,AGREE,1,0.9115,1164.19,878.05,166332.8,958.29,676.1,1370.1,1080.0,1,1163.5,905.0,946.0,694.0,1381.0,1116.0,0.8325,25.03,77.28,169.02
321,10.739,AGREE,1,0.9112,1163.66,877.41,166455.0,958.21,674.86,1369.1,1079.96,1,1162.5,904.0,945.0,693.0,1380.0,1115.0,0.8324,24.26,76.82,169.39
322,10.773,AGREE,1,0.9025,1163.31,875.31,166750.7,956.6,673.64,1370.02,1076.98,1,1159.5,904.0,942.0,693.0,1377.0,1115.0,0.8286,17.22,71.02,169.81
323,10.806,AGREE,1,0.9032,1163.02,875.26,167084.9,956.35,673.15,1369.69,1077.38,1,1159.5,903.0,942.0,692.0,1377.0,1114.0,0.8324,17.39,70.68,170.27
324,10.84,AGREE,1,0.9009,1162.62,875.17,167279.0,955.99,672.79,1369.25,1077.56,1,1158.5,902.0,941.0,691.0,1376.0,1113.0,0.836,19.38,69.53,170.77
325,10.873,AGREE,1,0.907,1161.84,875.11,167408.5,954.91,672.86,1368.77,1077.35,1,1158.5,901.0,941.0,690.0,1376.0,1112.0,0.8408,21.29,72.66,171.25
326,10.907,AGREE,1,0.9055,1161.46,874.76,167581.6,954.39,672.44,1368.53,1077.09,1,1157.5,900.0,940.0,689.0,1375.0,1111.0,0.844,23.94,73.81,171.74
327,10.94,AGREE,1,0.9052,1160.62,874.52,167327.4,953.49,672.55,1367.75,1076.48,1,1156.5,900.0,939.0,689.0,1374.0,1111.0,0.8431,23.89,77.61,172.12
328,10.973,AGREE,1,0.909,1159.32,874.45,167013.8,952.39,672.67,1366.25,1076.22,1,1155.5,900.0,938.0,689.0,1373.0,1111.0,0.842,16.76,76.8,172.4
329,11.007,AGREE,1,0.9109,1157.78,874.48,166758.7,951.0,672.87,1364.56,1076.09,1,1153.5,900.0,936.0,689.0,1371.0,1111.0,0.8415,23.17,75.72,172.59
330,11.04,AGREE,1,0.8906,1156.45,874.76,166478.8,949.88,673.28,1363.01,1076.24,1,1153.5,900.0,936.0,689.0,1371.0,1111.0,0.8417,16.92,75.88,172.65
331,11.074,AGREE,1,0.8906,1154.09,876.23,165141.6,949.51,674.42,1358.67,1078.03,1,1152.5,900.0,935.0,689.0,1370.0,1111.0,0.8398,21.63,76.31,172.8
332,11.107,AGREE,1,0.8915,1155.41,875.05,166587.0,948.72,673.55,1362.09,1076.55,1,1151.5,900.0,934.0,689.0,1369.0,1111.0,0.8433,21.51,76.41,172.87
333,11.141,AGREE,1,0.8958,1155.02,874.65,166505.6,948.36,673.22,1361.68,1076.08,1,1151.5,900.0,934.0,689.0,1369.0,1111.0,0.8416,17.31,73.37,172.9
334,11.174,AGREE,1,0.8946,1154.31,874.2,166278.9,947.76,672.94,1360.87,1075.45,1,1150.5,900.0,933.0,689.0,1368.0,1111.0,0.8393,23.06,72.62,172.91
335,11.208,AGREE,1,0.891,1153.65,874.32,166389.1,947.06,672.96,1360.24,1075.67,1,1149.5,900.0,932.0,689.0,1367.0,1111.0,0.84,18.12,76.72,172.87
336,11.241,AGREE,1,0.8901,1153.51,874.3,166114.8,947.36,672.85,1359.67,1075.74,1,1149.5,900.0,932.0,689.0,1367.0,1111.0,0.8382,16.44,75.49,172.85
337,11.275,AGREE,1,0.9014,1153.29,874.81,166045.2,947.31,673.28,1359.27,1076.34,1,1149.5,899.0,932.0,688.0,1367.0,1110.0,0.8436,21.26,72.67,172.8
338,11.308,AGREE,1,0.896,1153.18,874.74,166010.6,947.34,673.12,1359.03,1076.36,1,1149.5,900.0,932.0,689.0,1367.0,1111.0,0.8388,16.73,74.22,172.79
339,11.341,AGREE,1,0.8967,1152.66,875.03,166139.6,947.03,673.05,1358.29,1077.02,1,1149.5,901.0,932.0,690.0,1367.0,1112.0,0.8353,23.18,74.61,172.79
340,11.375,AGREE,1,0.8897,1153.1,874.71,166072.3,947.36,672.91,1358.84,1076.5,1,1149.5,900.0,932.0,689.0,1367.0,1111.0,0.8384,23.19,78.25,172.82
341,11.408,AGREE,1,0.8877,1153.11,874.04,165001.9,947.98,672.95,1358.24,1075.14,1,1149.5,900.0,932.0,689.0,1367.0,1111.0,0.8331,17.42,73.8,172.86
342,11.442,AGREE,1,0.8959,1153.81,874.14,165402.7,948.16,673.07,1359.45,1075.22,1,1150.5,899.0,933.0,688.0,1368.0,1110.0,0.8395,21.55,71.92,172.91
343,11.475,AGREE,1,0.8967,1153.92,874.49,165633.4,948.14,673.27,1359.7,1075.72,1,1150.5,900.0,933.0,689.0,1368.0,1111.0,0.8375,16.57,74.75,172.93
344,11.509,AGREE,1,0.8888,1154.9,874.8,165782.1,948.83,673.68,1360.98,1075.92,1,1151.5,900.0,934.0,689.0,1369.0,1111.0,0.8398,21.58,73.01,172.94
345,11.542,AGREE,1,0.8974,1155.73,874.56,165573.9,949.67,673.68,1361.79,1075.44,1,1152.5,900.0,935.0,689.0,1370.0,1111.0,0.8387,18.94,75.41,172.93
346,11.576,AGREE,1,0.9009,1155.91,874.5,165079.4,950.32,673.76,1361.5,1075.24,1,1152.5,900.0,935.0,689.0,1370.0,1111.0,0.8366,23.91,79.12,172.91
347,11.609,AGREE,1,0.8994,1156.69,874.56,165238.4,951.08,673.65,1362.3,1075.47,1,1153.5,900.0,936.0,689.0,1371.0,1111.0,0.837,24.58,76.57,172.9
348,11.643,AGREE,1,0.9123,1156.84,874.51,165218.5,951.32,673.53,1362.36,1075.49,1,1154.5,900.0,937.0,689.0,1372.0,1111.0,0.8364,24.35,76.98,172.89
349,11.676,AGREE,1,0.9159,1157.75,873.87,164769.7,952.38,673.29,1363.12,1074.45,1,1154.5,900.0,937.0,689.0,1372.0,1111.0,0.8332,23.04,76.72,172.89
350,11.709,AGREE,1,0.9129,1158.53,874.34,165156.0,953.02,673.43,1364.04,1075.25,1,1156.0,899.5,943.0,693.0,1369.0,1106.0,0.854,23.33,75.9,172.87
351,11.743,AGREE,1,0.9136,1157.38,875.09,164029.7,953.59,673.86,1361.16,1076.31,1,1155.5,899.0,938.0,688.0,1373.0,1110.0,0.8359,23.12,79.82,172.9
352,11.776,AGREE,1,0.9187,1159.54,873.9,165134.7,953.88,673.16,1365.2,1074.64,1,1156.5,899.0,939.0,688.0,1374.0,1110.0,0.8384,23.18,75.99,172.93
353,11.81,AGREE,1,0.9136,1159.5,874.67,164066.2,955.81,673.3,1363.19,1076.03,1,1157.0,898.5,944.0,692.0,1370.0,1105.0,0.8523,23.11,71.06,172.98
354,11.843,AGREE,1,0.9079,1161.39,872.38,164251.6,956.19,672.27,1366.6,1072.49,1,1157.0,897.5,944.0,691.0,1370.0,1104.0,0.8526,19.6,72.16,173.05
355,11.877,AGREE,1,0.9033,1161.79,872.5,164500.1,956.43,672.24,1367.14,1072.76,1,1157.5,897.0,940.0,686.0,1375.0,1108.0,0.8395,17.61,72.36,173.11
356,11.91,AGREE,1,0.9066,1159.99,874.06,164013.6,956.36,672.69,1363.62,1075.42,1,1158.5,898.0,941.0,687.0,1376.0,1109.0,0.8352,16.45,76.46,173.12
357,11.944,AGREE,1,0.9005,1160.22,874.25,164249.4,956.38,672.81,1364.06,1075.69,1,1159.0,897.5,946.0,691.0,1372.0,1104.0,0.8554,23.08,77.7,173.08
358,11.977,AGREE,1,0.9014,1160.26,873.85,163901.6,956.45,672.8,1364.06,1074.89,1,1158.0,896.5,945.0,690.0,1371.0,1103.0,0.8576,17.64,75.47,173.08
359,12.011,AGREE,1,0.9132,1160.08,873.53,163673.9,956.32,672.71,1363.84,1074.35,1,1158.0,896.5,945.0,690.0,1371.0,1103.0,0.856,17.28,73.81,173.06
360,12.044,AGREE,1,0.9084,1159.75,872.96,163403.1,956.24,672.23,1363.27,1073.68,1,1158.0,896.5,945.0,690.0,1371.0,1103.0,0.8526,23.18,73.73,172.98
361,12.077,AGREE,1,0.9072,1159.41,872.75,163679.9,955.57,672.01,1363.26,1073.5,1,1157.0,896.5,944.0,690.0,1370.0,1103.0,0.8531,16.84,72.17,172.95
362,12.111,AGREE,1,0.9101,1158.58,873.25,163635.9,954.85,672.45,1362.3,1074.05,1,1157.0,896.5,944.0,690.0,1370.0,1103.0,0.8547,17.58,71.06,172.89
363,12.144,AGREE,1,0.9056,1159.17,873.13,163400.1,955.55,672.52,1362.8,1073.75,1,1156.5,896.0,939.0,685.0,1374.0,1107.0,0.8392,19.15,73.87,172.78
364,12.178,AGREE,1,0.9065,1159.79,873.3,163541.3,956.11,672.57,1363.47,1074.03,1,1158.0,896.5,945.0,690.0,1371.0,1103.0,0.8547,17.22,74.65,172.59
365,12.211,AGREE,1,0.9047,1160.13,873.47,163835.8,956.13,672.69,1364.12,1074.25,1,1158.0,896.5,945.0,690.0,1371.0,1103.0,0.8567,21.59,74.7,172.26
366,12.245,AGREE,1,0.9004,1160.35,873.54,163621.1,956.44,672.94,1364.27,1074.14,1,1157.5,897.0,940.0,686.0,1375.0,1108.0,0.838,17.54,73.16,171.75
367,12.278,AGREE,1,0.9066,1160.27,873.58,163820.3,956.17,672.92,1364.38,1074.24,1,1158.5,896.0,941.0,685.0,1376.0,1107.0,0.8429,17.13,75.53,171.12
368,12.312,AGREE,1,0.913,1160.52,873.76,164158.5,956.13,672.97,1364.91,1074.55,1,1158.5,897.0,941.0,686.0,1376.0,1108.0,0.8408,14.47,79.35,170.43
369,12.345,AGREE,1,0.9129,1160.41,873.81,163956.3,956.29,673.01,1364.54,1074.61,1,1157.5,897.0,940.0,686.0,1375.0,1108.0,0.84,17.55,81.35,169.67
370,12.379,AGREE,1,0.9131,1160.51,873.86,163562.0,956.69,673.24,1364.33,1074.48,1,1158.5,897.0,941.0,686.0,1376.0,1108.0,0.8389,23.14,79.33,168.9
371,12.412,AGREE,1,0.9129,1160.79,874.16,163759.0,956.91,673.36,1364.68,1074.95,1,1159.0,897.5,946.0,691.0,1372.0,1104.0,0.8549,23.25,76.6,168.15
372,12.445,AGREE,1,0.913,1162.24,874.46,163803.8,958.41,673.56,1366.08,1075.36,1,1160.0,896.5,947.0,690.0,1373.0,1103.0,0.8602,23.09,76.27,167.61
373,12.479,AGREE,1,0.916,1162.87,874.56,164370.3,958.67,673.32,1367.07,1075.8,1,1161.0,896.5,948.0,690.0,1374.0,1103.0,0.8622,23.23,76.41,167.2
374,12.512,AGREE,1,0.9203,1162.7,874.81,164200.5,958.64,673.65,1366.77,1075.97,1,1161.5,898.0,944.0,687.0,1379.0,1109.0,0.8399,16.51,79.45,166.89
375,12.546,AGREE,1,0.9186,1162.71,874.88,164097.8,958.55,673.94,1366.87,1075.82,1,1162.0,898.5,949.0,692.0,1375.0,1105.0,0.8549,23.11,81.02,166.77
376,12.579,AGREE,1,0.9194,1163.06,875.53,164131.0,958.75,674.7,1367.37,1076.37,1,1161.0,898.5,948.0,692.0,1374.0,1105.0,0.8582,23.14,78.01,166.74
377,12.613,AGREE,1,0.9247,1163.12,874.89,163680.7,958.86,674.55,1367.38,1075.22,1,1161.0,898.5,948.0,692.0,1374.0,1105.0,0.8552,16.84,82.03,166.71
378,12.646,AGREE,1,0.912,1163.4,875.03,163578.2,958.98,674.97,1367.81,1075.09,1,1160.0,898.5,947.0,692.0,1373.0,1105.0,0.8563,16.95,83.29,166.69
379,12.68,AGREE,1,0.9058,1161.96,874.68,161690.6,959.37,675.15,1364.54,1074.21,1,1160.5,898.0,943.0,687.0,1378.0,1109.0,0.8329,21.64,82.05,166.78
380,12.713,AGREE,1,0.9017,1162.81,875.07,162281.7,959.42,675.6,1366.2,1074.54,1,1161.0,898.5,948.0,692.0,1374.0,1105.0,0.8522,23.1,80.23,166.9
381,12.747,AGREE,1,0.8905,1162.1,875.14,161678.4,959.7,675.44,1364.51,1074.83,1,1161.0,899.5,952.0,697.0,1370.0,1102.0,0.8592,24.71,77.93,167.08
382,12.78,AGREE,1,0.9099,1164.86,874.86,163917.0,960.14,674.69,1369.58,1075.03,1,1162.0,898.5,949.0,692.0,1375.0,1105.0,0.8569,25.34,79.47,167.32
383,12.813,AGREE,1,0.9232,1164.74,874.48,164078.5,960.38,673.76,1369.11,1075.2,1,1162.0,898.5,953.0,696.0,1371.0,1101.0,0.8689,25.05,79.7,167.46
384,12.847,AGREE,1,0.9172,1166.07,873.8,164427.0,961.22,673.14,1370.92,1074.47,1,1162.0,898.5,953.0,696.0,1371.0,1101.0,0.8679,23.09,79.71,167.48
385,12.88,AGREE,1,0.9373,1167.31,872.76,163496.9,962.67,673.02,1371.94,1072.51,1,1164.0,897.5,955.0,695.0,1373.0,1100.0,0.8666,16.71,78.9,167.55
386,12.914,AGREE,1,0.9398,1165.66,872.9,162736.9,962.19,672.95,1369.13,1072.86,1,1165.0,897.5,956.0,695.0,1374.0,1100.0,0.8626,21.54,75.57,167.57
387,12.947,AGREE,1,0.9425,1167.76,873.35,162524.3,964.44,673.51,1371.08,1073.19,1,1167.0,898.5,958.0,696.0,1376.0,1101.0,0.8596,21.53,74.65,167.4
388,12.981,AGREE,1,0.932,1170.26,874.14,163169.6,966.59,673.85,1373.92,1074.44,1,1168.0,899.5,955.0,693.0,1381.0,1106.0,0.8456,21.38,77.75,167.15
389,13.014,AGREE,1,0.9296,1171.98,874.65,163621.6,967.92,674.19,1376.04,1075.11,1,1170.0,898.5,961.0,696.0,1379.0,1101.0,0.8683,21.89,79.21,167.0
390,13.048,AGREE,1,0.9354,1173.78,875.58,163086.6,970.24,675.27,1377.32,1075.9,1,1171.0,899.5,962.0,697.0,1380.0,1102.0,0.8659,21.15,76.21,166.77
391,13.081,AGREE,1,0.9357,1175.27,876.08,163097.7,972.05,675.44,1378.49,1076.72,1,1172.0,900.5,963.0,698.0,1381.0,1103.0,0.8625,22.17,82.64,166.75
392,13.115,AGREE,1,0.9481,1174.07,877.26,162182.5,972.62,675.98,1375.52,1078.53,1,1172.0,901.5,963.0,699.0,1381.0,1104.0,0.8563,21.5,81.6,166.75
393,13.148,AGREE,1,0.9267,1171.74,876.85,160340.9,972.21,675.95,1371.26,1077.75,1,1173.0,901.5,964.0,699.0,1382.0,1104.0,0.8468,21.61,82.57,166.77
394,13.181,AGREE,1,0.9009,1170.94,875.83,159253.8,971.73,675.98,1370.16,1075.68,1,1172.0,899.5,963.0,697.0,1381.0,1102.0,0.8492,21.41,83.05,166.85
395,13.215,AGREE,1,0.8517,1152.46,874.63,143073.7,971.6,676.86,1333.32,1072.4,1,1171.0,898.5,958.0,692.0,1384.0,1105.0,0.7585,22.97,81.31,166.95
396,13.248,AGREE,1,0.8371,1146.11,873.0,138524.6,971.43,674.76,1320.8,1071.25,1,1170.0,896.5,957.0,690.0,1383.0,1103.0,0.7348,20.65,77.89,167.03
397,13.282,AGREE,1,0.8768,1149.96,872.48,143056.5,970.34,673.36,1329.58,1071.59,1,1170.0,895.5,957.0,689.0,1383.0,1102.0,0.757,17.3,74.78,167.21
398,13.315,AGREE,1,0.9037,1151.07,870.22,143834.9,970.75,670.81,1331.39,1069.64,1,1171.0,893.5,962.0,691.0,1380.0,1096.0,0.7734,21.43,76.85,167.29
399,13.349,AGREE,1,0.8823,1146.06,868.07,138363.8,972.59,668.66,1319.53,1067.48,1,1174.0,891.5,965.0,689.0,1383.0,1094.0,0.7446,21.46,75.75,167.41
400,13.382,AGREE,1,0.8932,1153.29,864.0,140711.8,976.64,664.85,1329.93,1063.15,1,1177.0,888.5,968.0,686.0,1386.0,1091.0,0.7538,19.26,75.49,167.37
401,13.416,AGREE,1,0.8884,1164.12,859.33,143131.1,984.24,660.4,1344.0,1058.25,1,1183.0,882.5,974.0,680.0,1392.0,1085.0,0.7717,17.53,77.33,167.28
402,13.449,AGREE,1,0.9262,1173.38,848.89,143629.7,993.43,649.34,1353.32,1048.43,1,1191.0,869.5,982.0,667.0,1400.0,1072.0,0.7815,23.06,76.38,167.08
403,13.483,AGREE,1,0.9264,1171.55,825.78,127465.4,1009.37,629.3,1333.73,1022.27,1,1204.0,848.5,991.0,642.0,1417.0,1055.0,0.685,21.58,75.21,166.71
404,13.516,AGREE,1,0.9192,1195.91,809.13,136553.3,1023.18,611.48,1368.64,1006.77,1,1220.0,825.5,1011.0,623.0,1429.0,1028.0,0.7651,17.08,72.44,166.32
405,13.55,AGREE,1,0.9303,1206.73,782.91,130680.3,1037.74,589.58,1375.71,976.24,1,1236.0,801.5,1027.0,599.0,1445.0,1004.0,0.7392,21.19,72.33,165.94
406,13.583,AGREE,1,0.9258,1219.61,759.15,127668.8,1052.82,567.78,1386.39,950.52,1,1248.0,778.5,1035.0,572.0,1461.0,985.0,0.7119,21.22,76.92,165.65
407,13.616,AGREE,1,0.9267,1233.87,734.94,122923.2,1069.39,548.11,1398.36,921.78,1,1261.0,755.5,1052.0,553.0,1470.0,958.0,0.7099,21.12,73.37,165.55
408,13.65,AGREE,1,0.9195,1244.61,717.18,118621.5,1085.09,531.27,1404.12,903.09,1,1277.0,734.5,1064.0,528.0,1490.0,941.0,0.6742,17.26,72.7,165.51
409,13.683,AGREE,1,0.9506,1255.2,696.13,111080.2,1100.82,516.25,1409.58,876.01,1,1292.0,715.5,1083.0,513.0,1501.0,918.0,0.6562,16.59,73.2,165.58
410,13.717,AGREE,1,0.9368,1269.79,681.44,109313.1,1117.26,502.28,1422.33,860.6,1,1296.0,700.5,1083.0,494.0,1509.0,907.0,0.6213,22.99,75.84,165.66
411,13.75,AGREE,1,0.9404,1281.26,667.93,105795.9,1130.59,492.38,1431.93,843.47,1,1305.5,691.0,1088.0,480.0,1523.0,902.0,0.5763,23.08,75.71,165.83
412,13.784,AGREE,1,0.9329,1292.18,654.99,99520.7,1146.88,483.77,1437.48,826.22,1,1334.0,661.5,1108.0,442.0,1560.0,881.0,0.5015,23.14,76.4,166.12
413,13.817,AGREE,1,0.94,1301.4,647.97,97949.5,1156.74,478.69,1446.07,817.24,1,1343.5,646.0,1122.0,431.0,1565.0,861.0,0.5142,23.12,78.06,166.41
414,13.851,AGREE,1,0.9392,1312.67,640.34,94099.2,1170.47,474.91,1454.87,805.78,1,1358.0,636.5,1145.0,430.0,1571.0,843.0,0.5348,23.11,80.45,166.68
415,13.884,AGREE,1,0.9313,1321.55,635.14,92500.7,1179.62,472.21,1463.48,798.07,1,1368.0,628.5,1163.0,430.0,1573.0,827.0,0.5683,23.05,83.59,167.04
416,13.918,AGREE,1,0.9171,1328.76,630.67,90083.6,1188.06,470.61,1469.46,790.73,1,1374.0,625.0,1173.0,430.0,1575.0,820.0,0.5746,23.46,80.36,167.36
417,13.951,AGREE,1,0.9146,1334.75,625.35,88128.3,1195.36,467.3,1474.15,783.4,1,1379.0,618.0,1178.0,423.0,1580.0,813.0,0.5621,20.05,76.37,167.68
418,13.984,AGREE,1,0.9274,1341.18,622.56,87445.5,1200.42,467.26,1481.95,777.87,1,1385.0,614.0,1188.0,423.0,1582.0,805.0,0.581,16.21,73.79,167.92
419,14.018,AGREE,1,0.9177,1345.94,622.65,86933.4,1206.15,467.17,1485.73,778.12,1,1390.0,613.0,1193.0,422.0,1587.0,804.0,0.5776,17.42,80.36,168.15
420,14.051,AGREE,1,0.9227,1348.85,621.0,85778.0,1209.77,466.81,1487.94,775.18,1,1393.0,612.0,1200.0,425.0,1586.0,799.0,0.5942,17.58,80.15,168.35
421,14.085,AGREE,1,0.9226,1351.15,621.42,84345.6,1213.76,467.94,1488.54,774.9,1,1394.0,613.0,1201.0,426.0,1587.0,800.0,0.5843,18.88,80.14,168.49
422,14.118,AGREE,1,0.9246,1353.27,622.68,82336.2,1218.05,470.45,1488.49,774.9,1,1396.0,614.0,1203.0,427.0,1589.0,801.0,0.5703,21.59,80.94,168.6
423,14.152,AGREE,1,0.9294,1353.78,622.57,81408.6,1219.35,471.17,1488.21,773.97,1,1395.0,614.0,1202.0,427.0,1588.0,801.0,0.5639,20.97,78.88,168.65
424,14.185,AGREE,1,0.9238,1353.23,622.72,81056.8,1219.37,471.34,1487.1,774.09,1,1395.0,614.0,1202.0,427.0,1588.0,801.0,0.5615,17.8,78.86,168.64
425,14.219,AGREE,1,0.9228,1352.18,622.73,80431.3,1219.1,471.64,1485.27,773.82,1,1394.0,615.0,1201.0,428.0,1587.0,802.0,0.5571,23.07,79.7,168.64
426,14.252,AGREE,1,0.9188,1349.7,624.04,81148.1,1216.61,471.61,1482.79,776.47,1,1391.0,616.0,1198.0,429.0,1584.0,803.0,0.5621,23.18,79.56,168.64
427,14.286,AGREE,1,0.9211,1348.7,624.03,80462.6,1216.1,472.34,1481.31,775.73,1,1390.0,616.0,1197.0,429.0,1583.0,803.0,0.5574,23.12,79.55,168.63
428,14.319,AGREE,1,0.9212,1347.33,624.03,80556.2,1214.55,472.37,1480.12,775.7,1,1389.0,617.0,1196.0,430.0,1582.0,804.0,0.558,17.53,81.79,168.62
429,14.352,AGREE,1,0.9209,1346.76,623.95,80486.6,1214.32,472.03,1479.2,775.88,1,1389.0,616.0,1196.0,429.0,1582.0,803.0,0.5575,17.6,80.9,168.52
430,14.386,AGREE,1,0.9231,1346.39,623.73,80509.8,1213.74,472.0,1479.05,775.45,1,1389.0,614.5,1200.0,431.0,1578.0,798.0,0.5804,17.47,76.39,168.45
431,14.419,AGREE,1,0.9218,1346.43,623.71,80294.1,1214.09,472.02,1478.76,775.4,1,1388.0,614.0,1195.0,427.0,1581.0,801.0,0.5562,21.13,81.98,168.37
432,14.453,AGREE,1,0.9226,1345.54,624.91,79412.4,1214.97,472.86,1476.11,776.95,1,1388.0,612.5,1199.0,429.0,1577.0,796.0,0.5724,21.08,78.79,168.29
433,14.486,AGREE,1,0.9268,1345.27,624.87,79416.9,1214.75,472.76,1475.79,776.99,1,1387.0,611.5,1198.0,428.0,1576.0,795.0,0.5725,23.35,83.31,168.18
434,14.52,AGREE,1,0.9261,1344.92,624.39,79055.3,1214.48,472.88,1475.36,775.91,1,1386.0,611.5,1197.0,428.0,1575.0,795.0,0.5699,21.19,85.5,168.09
435,14.553,AGREE,1,0.9252,1344.35,623.71,78822.2,1214.0,472.53,1474.7,774.88,1,1385.0,611.5,1196.0,428.0,1574.0,795.0,0.5682,18.63,82.37,168.01
436,14.587,AGREE,1,0.9236,1343.61,623.75,78774.5,1213.32,472.6,1473.9,774.91,1,1385.0,611.5,1196.0,428.0,1574.0,795.0,0.5678,23.07,81.8,167.95
437,14.62,AGREE,1,0.9248,1343.34,623.76,78823.4,1212.91,472.68,1473.77,774.84,1,1384.0,610.5,1195.0,427.0,1573.0,794.0,0.5682,23.16,80.3,167.9
438,14.654,AGREE,1,0.9272,1343.24,623.26,78721.7,1212.69,472.51,1473.79,774.01,1,1385.0,610.5,1196.0,427.0,1574.0,794.0,0.5675,23.15,79.98,167.83
439,14.687,AGREE,1,0.9254,1342.44,622.15,79071.1,1210.68,472.13,1474.21,772.18,1,1384.0,608.5,1195.0,425.0,1573.0,792.0,0.57,21.15,78.18,167.79
440,14.72,AGREE,1,0.886,1353.29,622.07,86677.0,1209.75,471.11,1496.84,773.04,1,1384.0,608.5,1195.0,425.0,1573.0,792.0,0.6248,20.27,75.47,167.91
441,14.754,AGREE,1,0.8948,1355.75,621.22,87761.8,1209.78,470.9,1501.71,771.53,1,1385.5,608.0,1200.0,428.0,1571.0,788.0,0.6571,23.22,75.41,168.03
442,14.787,AGREE,1,0.9108,1349.52,621.84,84925.8,1208.6,471.17,1490.43,772.51,1,1383.0,608.5,1194.0,425.0,1572.0,792.0,0.6122,23.12,71.48,168.16
443,14.821,AGREE,1,0.9148,1349.92,621.87,85420.7,1208.35,471.02,1491.49,772.71,1,1383.0,609.5,1194.0,426.0,1572.0,793.0,0.6158,16.51,75.85,168.29
444,14.854,AGREE,1,0.915,1349.79,621.84,85835.0,1207.67,470.85,1491.91,772.83,1,1382.0,609.5,1193.0,426.0,1571.0,793.0,0.6187,16.69,80.32,168.5
445,14.888,AGREE,1,0.9243,1347.43,621.87,85426.1,1206.13,470.72,1488.72,773.02,1,1380.0,608.5,1191.0,425.0,1569.0,792.0,0.6158,17.24,76.1,168.8
446,14.921,AGREE,1,0.9289,1347.47,621.68,86528.4,1204.59,470.28,1490.34,773.09,1,1379.0,607.5,1190.0,424.0,1568.0,791.0,0.6237,16.44,76.75,169.17
447,14.955,AGREE,1,0.9296,1346.0,620.87,86600.5,1203.59,468.84,1488.41,772.9,1,1378.0,606.5,1189.0,423.0,1567.0,790.0,0.6243,17.32,72.06,169.62
448,14.988,AGREE,1,0.9353,1346.19,619.61,86931.0,1203.52,467.29,1488.87,771.93,1,1378.0,606.5,1189.0,423.0,1567.0,790.0,0.6266,17.31,72.71,170.22
449,15.022,AGREE,1,0.9408,1346.84,618.92,86698.9,1204.54,466.6,1489.14,771.23,1,1377.0,605.5,1188.0,422.0,1566.0,789.0,0.625,16.48,75.22,170.89
450,15.055,AGREE,1,0.9433,1347.53,618.73,86777.2,1205.1,466.41,1489.95,771.05,1,1378.0,605.5,1189.0,422.0,1567.0,789.0,0.6255,23.92,68.92,171.59
451,15.088,AGREE,1,0.9408,1348.74,618.56,86488.3,1206.48,466.57,1491.0,770.55,1,1378.0,605.5,1189.0,422.0,1567.0,789.0,0.6234,16.28,68.91,172.29
452,15.122,AGREE,1,0.9387,1348.96,618.52,86407.8,1206.6,466.78,1491.32,770.26,1,1379.0,606.5,1190.0,423.0,1568.0,790.0,0.6229,16.55,73.05,172.94
453,15.155,AGREE,1,0.9391,1349.42,618.72,86671.7,1206.89,466.71,1491.96,770.74,1,1380.0,605.5,1191.0,422.0,1569.0,789.0,0.6248,16.6,76.03,173.54
454,15.189,AGREE,1,0.9371,1348.68,618.63,86410.9,1206.55,466.63,1490.81,770.62,1,1379.0,604.5,1190.0,421.0,1568.0,788.0,0.6229,22.43,78.78,174.07
455,15.222,AGREE,1,0.9385,1348.26,618.75,86411.0,1206.13,466.76,1490.4,770.74,1,1378.0,605.5,1189.0,422.0,1567.0,789.0,0.6229,17.04,78.08,174.43
456,15.256,AGREE,1,0.9396,1347.34,618.82,85884.3,1205.53,467.41,1489.15,770.23,1,1378.0,605.5,1189.0,422.0,1567.0,789.0,0.6191,17.57,78.7,174.6
457,15.289,AGREE,1,0.9411,1346.6,618.85,85813.5,1204.88,467.47,1488.32,770.23,1,1377.0,606.5,1188.0,423.0,1566.0,790.0,0.6186,17.48,76.73,174.78
458,15.323,AGREE,1,0.9422,1345.95,619.15,85754.4,1204.3,467.8,1487.6,770.5,1,1376.0,606.5,1187.0,423.0,1565.0,790.0,0.6182,16.63,77.16,174.94
459,15.356,AGREE,1,0.9436,1345.76,619.11,85703.3,1204.12,467.84,1487.4,770.38,1,1376.0,606.5,1187.0,423.0,1565.0,790.0,0.6178,23.06,76.76,175.12
460,15.39,AGREE,1,0.9433,1345.92,618.94,85887.5,1204.22,467.41,1487.62,770.47,1,1376.0,605.5,1187.0,422.0,1565.0,789.0,0.6191,21.19,74.83,175.27
461,15.423,AGREE,1,0.9435,1346.07,618.86,85957.2,1204.1,467.49,1488.03,770.23,1,1377.0,606.5,1188.0,423.0,1566.0,790.0,0.6196,17.15,78.86,175.27
462,15.456,AGREE,1,0.9437,1345.66,618.82,85765.6,1203.86,467.61,1487.46,770.03,1,1377.0,606.5,1188.0,423.0,1566.0,790.0,0.6182,17.21,76.29,175.21
463,15.49,AGREE,1,0.9438,1346.01,619.03,85665.3,1204.23,467.98,1487.8,770.08,1,1377.5,606.0,1192.0,426.0,1563.0,786.0,0.6414,23.14,75.16,175.13
464,15.523,AGREE,1,0.9415,1345.32,618.95,85718.3,1203.56,467.79,1487.09,770.12,1,1375.0,606.5,1186.0,423.0,1564.0,790.0,0.6179,23.01,73.99,175.09
465,15.557,AGREE,1,0.9413,1345.27,618.94,85678.7,1203.5,467.84,1487.03,770.03,1,1375.0,607.5,1186.0,424.0,1564.0,791.0,0.6176,19.04,72.43,175.07
466,15.59,AGREE,1,0.9413,1345.2,618.76,85606.2,1203.61,467.62,1486.8,769.91,1,1375.0,606.5,1186.0,423.0,1564.0,790.0,0.6171,21.12,75.51,175.1
467,15.624,AGREE,1,0.943,1345.46,618.49,85936.5,1203.54,467.11,1487.38,769.87,1,1375.0,605.5,1186.0,422.0,1564.0,789.0,0.6195,21.34,76.18,175.16
468,15.657,AGREE,1,0.944,1345.86,618.22,86026.6,1203.8,466.83,1487.93,769.61,1,1375.0,605.5,1186.0,422.0,1564.0,789.0,0.6201,21.17,76.14,175.26
469,15.691,AGREE,1,0.9433,1346.29,617.97,86128.5,1204.11,466.53,1488.47,769.41,1,1375.0,605.5,1186.0,422.0,1564.0,789.0,0.6209,23.16,75.69,175.33
470,15.724,AGREE,1,0.9445,1346.79,617.79,86162.3,1204.64,466.25,1488.94,769.33,1,1376.0,604.5,1187.0,421.0,1565.0,788.0,0.6211,21.67,71.28,175.34
471,15.758,AGREE,1,0.943,1347.25,617.94,86320.9,1204.83,466.42,1489.67,769.47,1,1377.0,605.5,1188.0,422.0,1566.0,789.0,0.6222,21.53,76.64,175.34
472,15.791,AGREE,1,0.9416,1347.88,618.25,86566.2,1205.17,466.61,1490.59,769.9,1,1377.0,605.5,1188.0,422.0,1566.0,789.0,0.624,21.1,77.26,175.32
473,15.824,AGREE,1,0.9429,1348.72,618.1,86956.5,1205.47,466.35,1491.97,769.86,1,1377.0,605.5,1188.0,422.0,1566.0,789.0,0.6268,18.15,78.34,175.32
474,15.858,AGREE,1,0.9416,1348.95,618.45,86619.0,1206.11,466.85,1491.8,770.04,1,1378.0,605.5,1189.0,422.0,1567.0,789.0,0.6244,23.39,78.21,175.23
475,15.891,AGREE,1,0.9409,1349.31,618.62,86449.1,1206.79,466.98,1491.84,770.25,1,1378.0,605.5,1189.0,422.0,1567.0,789.0,0.6232,23.06,78.76,175.2
476,15.925,AGREE,1,0.942,1349.4,619.03,86347.8,1206.89,467.56,1491.91,770.51,1,1378.0,606.5,1189.0,423.0,1567.0,790.0,0.6224,16.19,78.06,175.13
477,15.958,AGREE,1,0.9433,1349.66,619.15,86111.3,1207.34,467.88,1491.97,770.42,1,1379.0,606.5,1190.0,423.0,1568.0,790.0,0.6207,17.39,75.9,175.11
478,15.992,AGREE,1,0.9421,1350.38,619.63,86158.7,1207.95,468.39,1492.8,770.87,1,1380.0,606.5,1191.0,423.0,1569.0,790.0,0.6211,22.52,76.02,175.09
479,16.025,AGREE,1,0.9397,1350.49,619.87,86331.5,1207.82,468.59,1493.16,771.15,1,1380.0,606.5,1191.0,423.0,1569.0,790.0,0.6223,17.49,79.67,175.07
480,16.059,AGREE,1,0.9385,1352.02,620.01,86588.9,1208.88,468.78,1495.17,771.24,1,1380.0,607.5,1191.0,424.0,1569.0,791.0,0.6242,23.13,78.0,175.05
481,16.092,AGREE,1,0.9372,1352.74,620.35,86689.0,1209.53,469.01,1495.94,771.69,1,1381.0,606.5,1192.0,423.0,1570.0,790.0,0.6249,23.08,76.58,175.05
482,16.126,AGREE,1,0.9351,1353.2,619.98,86857.9,1209.75,468.61,1496.65,771.35,1,1381.0,607.5,1192.0,424.0,1570.0,791.0,0.6261,16.37,74.8,175.11
483,16.159,AGREE,1,0.9369,1352.92,619.46,86782.2,1209.53,468.15,1496.31,770.76,1,1381.0,606.5,1192.0,423.0,1570.0,790.0,0.6256,16.37,75.08,175.16
484,16.192,AGREE,1,0.9362,1353.01,619.22,86764.0,1209.65,467.91,1496.36,770.53,1,1381.0,606.5,1192.0,423.0,1570.0,790.0,0.6254,17.06,77.59,175.18
485,16.226,AGREE,1,0.9366,1353.0,619.09,86709.1,1209.74,467.77,1496.26,770.41,1,1381.0,605.5,1192.0,422.0,1570.0,789.0,0.625,22.53,74.85,175.18
486,16.259,AGREE,1,0.9369,1352.7,619.01,86812.5,1209.38,467.58,1496.01,770.45,1,1380.0,606.5,1191.0,423.0,1569.0,790.0,0.6258,22.44,74.21,175.21
487,16.293,AGREE,1,0.9361,1352.56,619.1,86845.1,1209.26,467.59,1495.86,770.6,1,1380.0,605.5,1191.0,422.0,1569.0,789.0,0.626,23.24,74.24,175.17
488,16.326,AGREE,1,0.9354,1352.32,619.08,86953.4,1208.92,467.5,1495.73,770.67,1,1380.0,605.5,1191.0,422.0,1569.0,789.0,0.6268,16.07,74.11,175.18
489,16.36,AGREE,1,0.9372,1351.46,619.44,86782.7,1208.18,468.02,1494.75,770.85,1,1380.0,606.5,1191.0,423.0,1569.0,790.0,0.6256,17.1,73.64,175.07
490,16.393,AGREE,1,0.9383,1350.96,619.21,86384.1,1208.02,468.12,1493.89,770.3,1,1380.0,606.5,1191.0,423.0,1569.0,790.0,0.6227,23.97,75.8,174.98
491,16.427,AGREE,1,0.9375,1350.93,618.88,86156.9,1208.13,468.05,1493.74,769.71,1,1380.0,606.5,1191.0,423.0,1569.0,790.0,0.6211,23.88,76.61,174.96
492,16.46,AGREE,1,0.9388,1351.15,618.9,86081.8,1208.42,468.12,1493.87,769.68,1,1380.0,606.5,1191.0,423.0,1569.0,790.0,0.6205,16.94,71.38,174.95
493,16.494,AGREE,1,0.9393,1350.59,618.79,86140.2,1207.87,467.9,1493.32,769.67,1,1380.0,606.5,1191.0,423.0,1569.0,790.0,0.6209,16.58,73.0,174.98
494,16.527,AGREE,1,0.9393,1350.75,618.7,86006.6,1207.98,468.09,1493.51,769.31,1,1379.0,606.5,1190.0,423.0,1568.0,790.0,0.62,17.37,72.98,174.93
495,16.561,AGREE,1,0.941,1350.6,618.62,85967.3,1207.9,468.0,1493.29,769.23,1,1379.0,606.5,1190.0,423.0,1568.0,790.0,0.6197,21.54,74.5,174.93
496,16.594,AGREE,1,0.9402,1350.62,619.0,85920.1,1207.94,468.45,1493.29,769.55,1,1379.0,606.5,1190.0,423.0,1568.0,790.0,0.6194,18.56,76.34,174.87
497,16.627,AGREE,1,0.9415,1351.01,619.01,85827.1,1208.45,468.5,1493.57,769.52,1,1380.0,606.5,1191.0,423.0,1569.0,790.0,0.6187,23.04,76.84,174.91
498,16.661,AGREE,1,0.9409,1351.18,618.75,85908.5,1208.59,468.14,1493.78,769.36,1,1379.0,605.5,1190.0,422.0,1568.0,789.0,0.6193,23.7,79.02,174.96
499,16.694,AGREE,1,0.9424,1350.94,618.36,86128.9,1208.24,467.46,1493.63,769.25,1,1379.0,605.5,1190.0,422.0,1568.0,789.0,0.6209,21.66,76.32,175.07
500,16.728,AGREE,1,0.9414,1351.02,617.86,86229.3,1208.23,466.89,1493.81,768.82,1,1379.0,605.5,1190.0,422.0,1568.0,789.0,0.6216,21.74,79.4,175.13
501,16.761,AGREE,1,0.9404,1350.98,617.66,86366.6,1208.25,466.39,1493.72,768.93,1,1379.0,604.5,1190.0,421.0,1568.0,788.0,0.6226,16.57,80.13,175.18
502,16.795,AGREE,1,0.9406,1351.04,617.31,86139.7,1208.45,466.28,1493.62,768.34,1,1380.0,604.5,1191.0,421.0,1569.0,788.0,0.6209,17.32,78.58,175.19
503,16.828,AGREE,1,0.9402,1351.75,617.19,86540.2,1208.52,466.14,1494.98,768.24,1,1380.0,604.5,1191.0,421.0,1569.0,788.0,0.6238,16.44,80.88,175.22
504,16.862,AGREE,1,0.9406,1351.67,617.02,86515.4,1208.48,465.97,1494.86,768.07,1,1380.0,604.5,1191.0,421.0,1569.0,788.0,0.6236,21.06,80.84,175.24
505,16.895,AGREE,1,0.9397,1351.49,616.4,86274.0,1208.36,465.71,1494.63,767.09,1,1379.0,603.5,1190.0,420.0,1568.0,787.0,0.6219,20.9,74.94,175.23
506,16.929,AGREE,1,0.9417,1351.75,616.57,86335.6,1208.71,465.68,1494.8,767.45,1,1380.0,603.5,1191.0,420.0,1569.0,787.0,0.6223,17.5,74.72,175.22
507,16.962,AGREE,1,0.9409,1352.11,616.78,86322.6,1209.12,465.85,1495.1,767.7,1,1380.0,603.5,1191.0,420.0,1569.0,787.0,0.6223,21.47,83.01,175.19
508,16.995,AGREE,1,0.9407,1352.18,616.84,86213.1,1209.41,465.88,1494.96,767.81,1,1380.0,604.5,1191.0,421.0,1569.0,788.0,0.6215,20.13,87.34,175.17
509,17.029,AGREE,1,0.9418,1352.06,616.42,85757.0,1209.61,465.93,1494.52,766.92,1,1379.0,603.5,1190.0,420.0,1568.0,787.0,0.6182,21.51,81.4,175.15
510,17.062,AGREE,1,0.9425,1351.92,616.86,85840.9,1209.53,466.15,1494.3,767.58,1,1380.0,604.5,1191.0,421.0,1569.0,788.0,0.6188,20.29,79.85,175.06
511,17.096,AGREE,1,0.9428,1351.37,616.77,85882.2,1208.82,466.15,1493.92,767.39,1,1380.0,604.5,1191.0,421.0,1569.0,788.0,0.6191,16.88,81.52,175.05
512,17.129,AGREE,1,0.9424,1351.04,616.24,85618.3,1208.71,465.85,1493.36,766.64,1,1379.0,603.5,1190.0,420.0,1568.0,787.0,0.6172,21.5,79.3,175.07
513,17.163,AGREE,1,0.9444,1350.37,616.09,85645.1,1208.33,465.36,1492.42,766.83,1,1379.0,603.5,1190.0,420.0,1568.0,787.0,0.6174,21.46,77.57,175.02
514,17.196,AGREE,1,0.9448,1349.74,615.77,85593.7,1207.7,465.12,1491.79,766.42,1,1379.0,603.5,1190.0,420.0,1568.0,787.0,0.617,17.45,75.03,174.86
515,17.23,AGREE,1,0.942,1349.61,615.71,85680.8,1207.37,465.12,1491.85,766.3,1,1378.0,603.5,1189.0,420.0,1567.0,787.0,0.6176,20.98,73.47,174.58
516,17.263,AGREE,1,0.9469,1349.16,615.45,85830.1,1207.13,464.38,1491.19,766.53,1,1378.0,602.5,1189.0,419.0,1567.0,786.0,0.6187,18.07,73.7,174.26
517,17.297,AGREE,1,0.9449,1349.21,615.63,85980.7,1206.95,464.54,1491.47,766.73,1,1378.0,602.5,1189.0,419.0,1567.0,786.0,0.6198,16.76,74.72,173.77
518,17.33,AGREE,1,0.9483,1348.76,615.45,86118.8,1206.35,464.27,1491.16,766.64,1,1377.0,601.5,1188.0,418.0,1566.0,785.0,0.6208,16.75,73.6,173.19
519,17.363,AGREE,1,0.9513,1348.29,614.93,86378.2,1205.68,463.5,1490.89,766.36,1,1377.0,601.5,1188.0,418.0,1566.0,785.0,0.6227,16.65,75.69,172.55
520,17.397,AGREE,1,0.9507,1346.88,614.25,86110.9,1204.73,462.8,1489.03,765.69,1,1376.0,601.5,1187.0,418.0,1565.0,785.0,0.6207,17.07,75.58,172.0
521,17.43,AGREE,1,0.9474,1346.0,613.74,85522.3,1204.62,462.51,1487.38,764.97,1,1376.0,600.5,1187.0,417.0,1565.0,784.0,0.6165,21.45,74.36,171.5
522,17.464,AGREE,1,0.9485,1345.82,613.57,85815.2,1204.19,462.1,1487.45,765.05,1,1376.0,600.5,1187.0,417.0,1565.0,784.0,0.6186,16.94,75.44,171.02
523,17.497,AGREE,1,0.9481,1345.44,613.55,85888.6,1203.61,462.15,1487.27,764.94,1,1375.0,600.5,1186.0,417.0,1564.0,784.0,0.6191,16.34,73.72,170.62
524,17.531,AGREE,1,0.9464,1345.62,613.55,85750.1,1203.9,462.29,1487.34,764.81,1,1375.0,600.5,1186.0,417.0,1564.0,784.0,0.6181,21.53,76.59,170.25
525,17.564,AGREE,1,0.9442,1345.68,613.26,85774.4,1203.84,462.07,1487.51,764.45,1,1374.0,600.5,1185.0,417.0,1563.0,784.0,0.6183,21.43,74.65,169.97
526,17.598,AGREE,1,0.9437,1345.92,613.62,86372.7,1203.21,462.31,1488.63,764.94,1,1375.0,600.5,1186.0,417.0,1564.0,784.0,0.6226,18.25,78.92,169.71
527,17.631,AGREE,1,0.9413,1345.93,613.2,86465.2,1203.07,461.89,1488.79,764.52,1,1374.0,599.5,1185.0,416.0,1563.0,783.0,0.6233,24.33,80.48,169.57
528,17.665,AGREE,1,0.9407,1344.87,612.78,85697.0,1203.29,461.47,1486.46,764.1,1,1375.0,599.5,1186.0,416.0,1564.0,783.0,0.6177,16.39,76.16,169.47
529,17.698,AGREE,1,0.9394,1344.48,612.34,85453.3,1203.06,461.29,1485.91,763.4,1,1374.0,598.5,1185.0,415.0,1563.0,782.0,0.616,22.26,73.63,169.43
530,17.731,AGREE,1,0.9435,1344.84,611.88,85746.3,1203.02,460.73,1486.65,763.04,1,1374.0,598.5,1185.0,415.0,1563.0,782.0,0.6181,23.03,73.36,169.37
531,17.765,AGREE,1,0.949,1345.22,611.58,86089.9,1203.06,460.18,1487.39,762.97,1,1374.0,597.5,1185.0,414.0,1563.0,781.0,0.6206,23.2,72.75,169.32
532,17.798,AGREE,1,0.9479,1345.69,611.45,86188.7,1203.07,460.37,1488.31,762.53,1,1374.0,597.5,1185.0,414.0,1563.0,781.0,0.6213,16.25,77.12,169.25
533,17.832,AGREE,1,0.9428,1346.4,610.57,86554.2,1202.96,459.72,1489.85,761.43,1,1374.0,597.5,1185.0,414.0,1563.0,781.0,0.6239,17.45,79.22,169.24
534,17.865,AGREE,1,0.9346,1341.81,609.72,83443.9,1203.17,459.25,1480.45,760.19,1,1374.0,596.5,1185.0,413.0,1563.0,780.0,0.6015,17.14,79.8,169.14
535,17.899,AGREE,1,0.9261,1336.63,608.69,80221.4,1203.07,458.53,1470.19,758.85,1,1374.0,596.5,1185.0,413.0,1563.0,780.0,0.5783,16.12,73.69,169.05
536,17.932,AGREE,1,0.9255,1333.04,608.95,77724.0,1202.53,460.06,1463.55,757.84,1,1375.0,596.5,1186.0,413.0,1564.0,780.0,0.5603,23.11,76.89,168.91
537,17.966,AGREE,1,0.9229,1334.45,608.59,78293.4,1203.3,459.35,1465.6,757.83,1,1375.0,595.5,1186.0,412.0,1564.0,779.0,0.5644,19.38,80.36,168.81
538,17.999,AGREE,1,0.9221,1333.71,608.56,77842.2,1203.3,459.33,1464.12,757.78,1,1375.0,595.5,1186.0,412.0,1564.0,779.0,0.5611,16.91,80.44,168.73
539,18.033,AGREE,1,0.9073,1336.24,608.55,79571.9,1203.09,459.14,1469.38,757.95,1,1375.0,595.5,1186.0,412.0,1564.0,779.0,0.5736,24.0,81.03,168.69
540,18.066,AGREE,1,0.8979,1342.93,608.47,83485.4,1203.2,459.1,1482.66,757.84,1,1374.0,594.5,1185.0,411.0,1563.0,778.0,0.6018,22.16,82.02,168.64
541,18.099,AGREE,1,0.9074,1340.57,606.48,82767.5,1202.28,456.86,1478.86,756.1,1,1374.0,594.5,1185.0,411.0,1563.0,778.0,0.5966,19.15,78.69,168.66
542,18.133,AGREE,1,0.9045,1342.79,606.54,84326.9,1202.28,456.5,1483.3,756.59,1,1373.0,593.5,1184.0,410.0,1562.0,777.0,0.6079,18.49,80.11,168.63
543,18.166,AGREE,1,0.9162,1333.08,606.4,77910.9,1202.84,456.85,1463.32,755.96,1,1374.0,592.5,1185.0,409.0,1563.0,776.0,0.5616,17.96,82.48,168.74
544,18.2,AGREE,1,0.9132,1335.22,606.52,79852.2,1202.17,456.49,1468.28,756.56,1,1373.0,592.5,1184.0,409.0,1562.0,776.0,0.5756,21.33,78.22,168.85
545,18.233,AGREE,1,0.9177,1334.56,605.77,79793.4,1201.93,455.37,1467.2,756.17,1,1373.0,591.5,1184.0,408.0,1562.0,775.0,0.5752,21.72,74.87,168.88
546,18.267,AGREE,1,0.9259,1332.09,605.62,78252.8,1201.98,455.27,1462.2,755.98,1,1373.0,591.5,1184.0,408.0,1562.0,775.0,0.5641,22.1,78.11,168.9
547,18.3,AGREE,1,0.9226,1330.86,605.48,77659.1,1201.89,454.94,1459.83,756.01,1,1373.0,591.5,1184.0,408.0,1562.0,775.0,0.5598,21.79,77.26,168.97
548,18.334,AGREE,1,0.9261,1329.74,604.29,76478.5,1202.39,454.15,1457.09,754.42,1,1372.0,590.5,1183.0,407.0,1561.0,774.0,0.5513,17.6,77.52,169.03
549,18.367,AGREE,1,0.917,1330.31,606.11,77262.8,1202.23,455.3,1458.4,756.91,1,1372.0,592.5,1183.0,409.0,1561.0,776.0,0.5569,23.26,78.6,169.06
550,18.401,AGREE,1,0.9365,1330.56,605.95,77624.6,1201.98,455.03,1459.15,756.87,1,1372.0,592.5,1183.0,409.0,1561.0,776.0,0.5596,23.43,82.03,169.1
551,18.434,AGREE,1,0.9303,1330.41,606.36,77537.9,1201.98,455.41,1458.83,757.3,1,1372.0,591.5,1183.0,408.0,1561.0,775.0,0.5589,24.02,74.7,169.12
552,18.467,AGREE,1,0.9279,1330.31,606.51,77755.3,1201.48,455.63,1459.15,757.39,1,1371.0,592.5,1182.0,409.0,1560.0,776.0,0.5605,23.77,75.12,169.18
553,18.501,AGREE,1,0.9283,1329.59,607.07,77171.9,1201.49,456.45,1457.68,757.68,1,1370.0,592.5,1181.0,409.0,1559.0,776.0,0.5563,20.53,76.01,169.27
554,18.534,AGREE,1,0.9269,1329.19,608.32,77125.3,1201.03,457.87,1457.35,758.77,1,1370.0,593.5,1181.0,410.0,1559.0,777.0,0.556,16.84,77.12,169.32
555,18.568,AGREE,1,0.932,1327.4,609.47,77735.0,1199.31,457.75,1455.5,761.18,1,1369.0,594.5,1180.0,411.0,1558.0,778.0,0.5603,18.76,79.62,169.31
556,18.601,AGREE,1,0.9203,1324.13,610.07,77159.5,1196.23,459.25,1452.03,760.89,1,1366.0,595.5,1177.0,412.0,1555.0,779.0,0.5562,15.86,79.12,169.39
557,18.635,AGREE,1,0.9255,1315.47,611.21,78311.0,1186.68,459.19,1444.25,763.23,1,1360.0,596.5,1171.0,413.0,1549.0,780.0,0.5645,21.53,81.71,169.36
558,18.668,AGREE,1,0.9348,1304.66,613.85,79027.4,1175.71,460.64,1433.61,767.06,1,1352.0,598.0,1159.0,411.0,1545.0,785.0,0.5474,23.1,81.66,169.18
559,18.702,AGREE,1,0.9363,1287.24,613.71,79565.6,1158.65,459.02,1415.83,768.4,1,1342.0,600.0,1145.0,409.0,1539.0,791.0,0.5286,23.05,79.63,169.04
560,18.735,AGREE,1,0.9253,1273.39,614.98,83059.1,1141.23,457.86,1405.55,772.1,1,1323.0,605.0,1126.0,414.0,1520.0,796.0,0.5519,16.99,81.93,168.89
561,18.769,AGREE,1,0.9331,1252.75,615.5,81362.8,1121.71,460.28,1383.8,770.72,1,1297.5,608.0,1112.0,428.0,1483.0,788.0,0.6092,23.08,77.76,168.72
562,18.802,AGREE,1,0.9264,1228.58,617.46,83586.4,1097.84,457.63,1359.33,777.28,1,1268.0,613.0,1075.0,426.0,1461.0,800.0,0.579,23.9,76.78,168.55
563,18.835,AGREE,1,0.9314,1204.58,620.01,84193.5,1072.12,461.1,1337.03,778.92,1,1240.0,617.0,1043.0,426.0,1437.0,808.0,0.5594,23.53,77.87,168.44
564,18.869,AGREE,1,0.9149,1175.68,622.73,83792.7,1044.28,463.31,1307.08,782.15,1,1213.0,620.0,1016.0,429.0,1410.0,811.0,0.5567,16.62,76.63,168.43
565,18.902,AGREE,1,0.9417,1144.31,627.99,86484.2,1011.73,464.91,1276.89,791.07,1,1185.0,621.0,988.0,430.0,1382.0,812.0,0.5746,25.08,80.98,168.34
566,18.936,AGREE,1,0.9273,1115.98,630.94,86972.4,983.27,467.1,1248.69,794.78,1,1159.0,623.0,966.0,436.0,1352.0,810.0,0.6025,19.43,80.47,168.38
567,18.969,AGREE,1,0.9359,1086.1,636.65,88538.8,953.1,470.23,1219.1,803.08,1,1130.0,628.0,937.0,441.0,1323.0,815.0,0.6133,22.35,78.87,168.48
568,19.003,AGREE,1,0.9262,1060.12,642.03,88767.3,925.71,476.92,1194.52,807.14,1,1104.0,634.0,907.0,443.0,1301.0,825.0,0.5898,20.93,77.76,168.53
569,19.036,AGREE,1,0.9467,1035.59,648.36,91188.6,898.24,482.38,1172.93,814.35,1,1080.0,640.0,879.0,445.0,1281.0,835.0,0.5816,23.91,77.48,168.59
570,19.07,AGREE,1,0.9364,1011.78,654.78,92112.6,875.08,486.31,1148.47,823.25,1,1057.0,644.0,856.0,449.0,1258.0,839.0,0.5875,25.11,79.93,168.68
571,19.103,AGREE,1,0.9526,988.68,658.12,90216.9,853.59,491.17,1123.78,825.07,1,1039.0,649.0,838.0,454.0,1240.0,844.0,0.5754,16.75,78.87,168.75
572,19.137,AGREE,1,0.9292,971.69,663.15,90818.2,836.76,494.88,1106.62,831.42,1,1021.0,652.5,816.0,454.0,1226.0,851.0,0.558,19.73,79.32,168.8
573,19.17,AGREE,1,0.9349,956.33,667.37,92239.8,820.09,498.11,1092.57,836.64,1,1011.0,651.5,802.0,449.0,1220.0,854.0,0.5449,23.08,77.2,168.84
574,19.203,AGREE,1,0.924,950.38,671.97,96157.6,808.63,502.39,1092.14,841.56,1,1002.0,654.5,793.0,452.0,1211.0,857.0,0.568,20.76,81.42,168.9
575,19.237,AGREE,1,0.9307,944.46,672.93,97022.0,801.21,503.6,1087.7,842.26,1,994.0,655.5,785.0,453.0,1203.0,858.0,0.5731,22.47,81.03,169.01
576,19.27,AGREE,1,0.9472,942.93,675.41,99216.1,796.03,506.56,1089.83,844.26,1,990.0,658.5,781.0,456.0,1199.0,861.0,0.5861,22.51,80.92,169.07
577,19.304,AGREE,1,0.952,942.45,677.95,99259.7,795.55,509.03,1089.35,846.87,1,988.0,660.5,779.0,458.0,1197.0,863.0,0.5863,22.68,72.54,169.2
578,19.337,AGREE,1,0.9516,943.36,679.58,99344.0,796.29,510.7,1090.42,848.46,1,989.0,663.5,780.0,461.0,1198.0,866.0,0.5868,16.65,77.78,169.27
579,19.371,AGREE,1,0.9425,945.92,680.87,98006.4,800.22,512.7,1091.62,849.04,1,991.0,666.5,782.0,464.0,1200.0,869.0,0.5789,17.58,77.7,169.42
580,19.404,AGREE,1,0.9362,949.97,682.45,95681.6,807.29,514.81,1092.65,850.1,1,993.0,666.5,784.0,464.0,1202.0,869.0,0.5652,23.12,79.33,169.58
581,19.438,AGREE,1,0.9364,952.7,683.94,92792.2,813.63,517.13,1091.77,850.75,1,997.0,667.5,788.0,465.0,1206.0,870.0,0.5481,21.59,82.49,169.74
582,19.471,AGREE,1,0.9345,957.64,684.68,92705.7,818.36,518.27,1096.91,851.09,1,1001.0,667.5,792.0,465.0,1210.0,870.0,0.5476,17.05,75.29,169.83
583,19.505,AGREE,1,0.9351,958.61,684.92,92355.2,819.7,518.71,1097.52,851.13,1,1004.0,667.5,795.0,465.0,1213.0,870.0,0.5455,21.33,79.09,169.89
584,19.538,AGREE,1,0.9383,959.2,684.99,92363.1,820.17,518.89,1098.22,851.08,1,1004.0,667.5,795.0,465.0,1213.0,870.0,0.5456,17.27,80.97,169.93
585,19.572,AGREE,1,0.9353,960.04,684.84,92649.9,820.27,519.12,1099.81,850.56,1,1004.0,667.5,795.0,465.0,1213.0,870.0,0.5473,22.09,83.98,169.91
586,19.605,AGREE,1,0.9319,959.04,685.04,91804.4,820.54,519.32,1097.53,850.76,1,1004.0,667.5,795.0,465.0,1213.0,870.0,0.5423,16.49,82.45,169.87
587,19.638,AGREE,1,0.9327,959.13,684.99,91598.2,820.82,519.43,1097.45,850.55,1,1005.0,667.5,796.0,465.0,1214.0,870.0,0.5411,17.01,76.82,169.82
588,19.672,AGREE,1,0.9315,958.98,685.13,91240.0,821.17,519.61,1096.8,850.64,1,1005.0,667.5,796.0,465.0,1214.0,870.0,0.539,20.31,78.91,169.74
589,19.705,AGREE,1,0.9296,959.77,685.26,91265.1,821.76,519.94,1097.78,850.58,1,1006.0,666.5,797.0,464.0,1215.0,869.0,0.5391,17.5,80.73,169.64
590,19.739,AGREE,1,0.9292,960.45,685.2,89878.9,824.25,520.23,1096.65,850.18,1,1008.0,667.5,803.0,469.0,1213.0,866.0,0.5522,23.01,80.09,169.58
591,19.772,AGREE,1,0.9264,959.99,685.23,89502.7,824.34,520.29,1095.65,850.18,1,1008.0,668.5,803.0,470.0,1213.0,867.0,0.5499,23.5,77.78,169.5
592,19.806,AGREE,1,0.9249,960.95,685.36,89622.1,825.11,520.42,1096.79,850.3,1,1008.0,668.5,803.0,470.0,1213.0,867.0,0.5506,23.95,79.59,169.42
593,19.839,AGREE,1,0.9248,961.18,685.23,89200.0,825.96,520.32,1096.41,850.13,1,1009.0,669.5,804.0,471.0,1214.0,868.0,0.548,23.9,83.27,169.31
594,19.873,AGREE,1,0.9244,960.84,684.93,88715.9,826.33,520.04,1095.34,849.83,1,1009.0,669.5,800.0,467.0,1218.0,872.0,0.524,23.37,76.32,169.23
595,19.906,AGREE,1,0.9196,962.51,684.82,89074.2,827.21,520.24,1097.82,849.4,1,1011.0,668.5,802.0,466.0,1220.0,871.0,0.5262,24.74,76.5,169.16
596,19.94,AGREE,1,0.9243,979.78,684.35,100011.3,827.55,520.1,1132.0,848.6,1,1013.0,668.5,808.0,470.0,1218.0,867.0,0.6144,25.72,75.92,169.19
597,19.973,AGREE,1,0.9348,983.31,683.96,101579.9,828.72,519.69,1137.9,848.24,1,1014.0,669.5,809.0,471.0,1219.0,868.0,0.6241,23.05,67.55,169.23
598,20.006,AGREE,1,0.937,983.82,683.04,101026.3,829.44,519.44,1138.2,846.64,1,1015.0,670.5,810.0,472.0,1220.0,869.0,0.6207,23.24,71.4,169.34
599,20.04,AGREE,1,0.9276,982.68,682.96,100145.9,829.5,519.51,1135.86,846.4,1,1014.0,670.5,809.0,472.0,1219.0,869.0,0.6153,21.51,67.95,169.51
600,20.073,AGREE,1,0.9342,981.25,682.32,99839.4,828.92,518.47,1133.58,846.17,1,1012.0,670.5,807.0,472.0,1217.0,869.0,0.6134,20.5,71.3,169.65
601,20.107,AGREE,1,0.9325,980.72,682.38,99522.8,828.86,518.54,1132.58,846.22,1,1012.0,670.5,807.0,472.0,1217.0,869.0,0.6114,21.44,72.53,169.74
602,20.14,AGREE,1,0.9357,980.41,682.23,99520.4,828.65,518.28,1132.16,846.18,1,1011.0,670.5,806.0,472.0,1216.0,869.0,0.6114,23.02,67.7,169.61
603,20.174,AGREE,1,0.9336,978.05,682.47,99237.2,826.99,518.24,1129.12,846.7,1,1011.0,670.5,806.0,472.0,1216.0,869.0,0.6097,17.69,66.42,169.48
604,20.207,AGREE,1,0.9372,979.53,682.13,99114.2,828.44,518.13,1130.62,846.14,1,1011.0,669.5,802.0,467.0,1220.0,872.0,0.5855,21.69,68.68,169.31
605,20.241,AGREE,1,0.938,980.9,682.11,99583.2,829.13,518.08,1132.68,846.14,1,1012.0,668.5,803.0,466.0,1221.0,871.0,0.5882,16.59,68.61,169.24
606,20.274,AGREE,1,0.9394,981.76,682.5,99902.0,829.51,518.46,1134.02,846.53,1,1012.0,669.5,803.0,467.0,1221.0,872.0,0.5901,21.54,65.35,169.55
607,20.308,AGREE,1,0.9379,982.23,683.04,99829.1,830.04,519.04,1134.41,847.03,1,1013.0,669.5,804.0,467.0,1222.0,872.0,0.5897,21.7,67.05,170.19
608,20.341,AGREE,1,0.9411,984.05,683.48,99686.6,832.1,519.46,1136.0,847.49,1,1015.0,670.5,806.0,468.0,1224.0,873.0,0.5889,24.01,73.4,171.0
609,20.374,AGREE,1,0.9401,986.59,683.66,100124.0,834.23,519.37,1138.94,847.96,1,1016.0,670.5,807.0,468.0,1225.0,873.0,0.5914,21.58,76.16,172.0
610,20.408,AGREE,1,0.9384,987.74,683.33,99713.6,836.21,518.82,1139.28,847.84,1,1018.0,669.5,809.0,467.0,1227.0,872.0,0.589,20.96,77.26,173.06
611,20.441,AGREE,1,0.9379,989.0,683.21,99497.9,837.81,518.69,1140.18,847.74,1,1018.0,670.5,809.0,468.0,1227.0,873.0,0.5877,16.47,72.96,174.21
612,20.475,AGREE,1,0.9326,990.12,683.23,98705.0,839.64,519.24,1140.6,847.21,1,1020.0,669.5,811.0,467.0,1229.0,872.0,0.5831,16.39,66.03,175.04
613,20.508,AGREE,1,0.9324,991.41,684.55,98459.9,840.95,520.96,1141.87,848.15,1,1023.0,670.5,814.0,468.0,1232.0,873.0,0.5816,20.38,67.51,175.4
614,20.542,AGREE,1,0.9363,992.29,685.09,98919.0,841.65,520.92,1142.93,849.25,1,1024.0,671.5,815.0,469.0,1233.0,874.0,0.5843,19.54,68.07,175.41
615,20.575,AGREE,1,0.9326,993.12,685.51,99063.7,842.5,521.09,1143.74,849.94,1,1025.0,672.5,816.0,470.0,1234.0,875.0,0.5852,21.46,74.92,175.29
616,20.609,AGREE,1,0.9363,993.96,686.41,98679.1,843.66,522.28,1144.27,850.54,1,1025.0,673.5,816.0,471.0,1234.0,876.0,0.5829,21.48,77.91,175.2
617,20.642,AGREE,1,0.9346,994.08,687.16,98599.4,843.97,522.95,1144.2,851.37,1,1025.0,674.5,816.0,472.0,1234.0,877.0,0.5824,18.59,81.76,175.08
618,20.676,AGREE,1,0.9376,994.24,687.82,98688.3,844.02,523.59,1144.47,852.05,1,1025.0,675.5,816.0,473.0,1234.0,878.0,0.583,21.55,82.81,174.88
619,20.709,AGREE,1,0.9379,994.55,688.18,98634.3,844.23,524.14,1144.88,852.21,1,1025.0,675.5,816.0,473.0,1234.0,878.0,0.5826,21.49,81.45,174.74
620,20.742,AGREE,1,0.9367,993.43,688.58,98535.1,843.12,524.69,1143.74,852.47,1,1025.0,676.5,816.0,474.0,1234.0,879.0,0.582,21.59,78.35,174.66
621,20.776,AGREE,1,0.9368,994.09,687.99,98249.5,844.01,524.33,1144.17,851.65,1,1025.0,676.5,816.0,474.0,1234.0,879.0,0.5804,17.36,79.65,174.56
622,20.809,AGREE,1,0.9369,993.91,688.36,98037.5,844.06,524.8,1143.76,851.92,1,1024.0,677.5,819.0,479.0,1229.0,876.0,0.6023,18.58,77.49,174.5
623,20.843,AGREE,1,0.934,993.61,688.42,97950.3,843.73,525.04,1143.5,851.8,1,1023.0,678.5,818.0,480.0,1228.0,877.0,0.6018,20.86,76.21,174.47
624,20.876,AGREE,1,0.9315,993.49,688.49,97933.6,843.51,525.24,1143.46,851.74,1,1022.0,678.5,813.0,476.0,1231.0,881.0,0.5785,14.64,78.69,174.46
625,20.91,AGREE,1,0.93,993.69,688.37,97795.3,843.83,525.22,1143.54,851.52,1,1023.0,677.5,814.0,475.0,1232.0,880.0,0.5777,23.84,79.47,174.45
626,20.943,AGREE,1,0.9297,994.19,688.14,97517.2,844.68,525.08,1143.69,851.21,1,1023.0,677.5,814.0,475.0,1232.0,880.0,0.576,23.84,77.38,174.51
627,20.977,AGREE,1,0.9329,994.2,688.29,97559.8,844.53,525.34,1143.88,851.24,1,1023.0,677.5,814.0,475.0,1232.0,880.0,0.5763,23.97,78.95,174.54
628,21.01,AGREE,1,0.9359,992.96,689.57,97699.8,843.16,526.51,1142.75,852.62,1,1024.0,677.5,815.0,475.0,1233.0,880.0,0.5771,16.37,73.83,174.56
629,21.044,AGREE,1,0.937,994.07,689.75,97615.3,844.42,526.68,1143.72,852.82,1,1025.0,678.5,820.0,480.0,1230.0,877.0,0.5997,16.65,80.34,174.52
630,21.077,AGREE,1,0.9475,994.96,689.97,97499.9,845.49,526.9,1144.43,853.05,1,1026.0,678.5,817.0,476.0,1235.0,881.0,0.5759,23.88,80.62,174.47
631,21.11,AGREE,1,0.9449,996.52,690.73,97763.2,846.88,527.4,1146.17,854.05,1,1028.0,679.5,819.0,477.0,1237.0,882.0,0.5775,22.98,82.88,174.45
632,21.144,AGREE,1,0.943,997.94,691.35,97787.9,847.85,528.46,1148.03,854.23,1,1029.0,679.5,820.0,477.0,1238.0,882.0,0.5776,21.48,84.93,174.37
633,21.177,AGREE,1,0.9429,998.46,691.65,97950.4,848.14,528.74,1148.78,854.55,1,1030.0,680.5,821.0,478.0,1239.0,883.0,0.5786,16.78,81.65,174.34
634,21.211,AGREE,1,0.9433,998.34,691.71,97884.8,848.15,528.77,1148.53,854.64,1,1030.0,681.5,821.0,479.0,1239.0,884.0,0.5782,16.76,80.81,174.34
635,21.244,AGREE,1,0.945,997.61,691.61,97614.5,847.83,528.68,1147.39,854.54,1,1030.0,680.5,821.0,478.0,1239.0,883.0,0.5766,23.85,80.03,174.33
636,21.278,AGREE,1,0.9459,997.9,691.79,97820.0,847.87,528.79,1147.93,854.79,1,1029.0,681.5,820.0,479.0,1238.0,884.0,0.5778,24.18,79.42,174.33
637,21.311,AGREE,1,0.9467,998.22,691.86,97942.0,847.95,528.92,1148.49,854.81,1,1029.0,681.5,820.0,479.0,1238.0,884.0,0.5785,21.17,84.77,174.31
638,21.345,AGREE,1,0.9483,998.46,692.27,98367.8,847.86,528.98,1149.06,855.57,1,1029.0,681.5,820.0,479.0,1238.0,884.0,0.5811,17.3,82.3,174.17
639,21.378,AGREE,1,0.9489,999.05,693.49,98710.9,847.81,530.32,1150.29,856.66,1,1029.0,681.5,820.0,479.0,1238.0,884.0,0.5831,19.2,83.77,174.01
640,21.412,AGREE,1,0.9472,998.81,694.58,98357.1,847.95,531.58,1149.67,857.57,1,1030.0,682.5,821.0,480.0,1239.0,885.0,0.581,21.51,85.2,173.87
641,21.445,AGREE,1,0.9463,998.35,695.11,98214.1,847.67,532.16,1149.03,858.07,1,1029.0,682.5,820.0,480.0,1238.0,885.0,0.5802,17.3,81.63,173.77
642,21.478,AGREE,1,0.9467,997.9,695.22,97941.4,847.58,532.34,1148.22,858.1,1,1029.0,683.5,820.0,481.0,1238.0,886.0,0.5785,20.89,82.18,173.7
643,21.512,AGREE,1,0.9481,997.55,695.53,97762.1,847.58,532.56,1147.52,858.5,1,1029.0,684.5,820.0,482.0,1238.0,887.0,0.5775,21.58,82.13,173.67
644,21.545,AGREE,1,0.9487,997.92,695.59,97776.7,847.75,532.81,1148.08,858.37,1,1029.0,683.5,820.0,481.0,1238.0,886.0,0.5776,17.08,80.07,173.64
645,21.579,AGREE,1,0.9502,998.28,695.57,97840.1,848.09,532.71,1148.47,858.43,1,1029.0,684.5,820.0,482.0,1238.0,887.0,0.5779,20.96,74.76,173.59
646,21.612,AGREE,1,0.9502,999.32,695.59,97991.0,848.85,532.78,1149.78,858.41,1,1029.0,683.5,820.0,481.0,1238.0,886.0,0.5788,21.33,75.08,173.55
647,21.646,AGREE,1,0.9493,1001.05,696.67,98952.3,849.66,533.26,1152.44,860.08,1,1031.0,685.5,822.0,483.0,1240.0,888.0,0.5845,21.21,78.33,173.5
648,21.679,AGREE,1,0.9477,1001.28,696.75,99052.2,849.9,533.16,1152.66,860.34,1,1031.0,685.5,822.0,483.0,1240.0,888.0,0.5851,21.09,79.3,173.49
649,21.713,AGREE,1,0.9466,1001.4,696.49,98919.5,850.03,533.11,1152.76,859.86,1,1031.0,685.5,822.0,483.0,1240.0,888.0,0.5843,21.83,82.56,173.45
650,21.746,AGREE,1,0.9483,1002.19,696.6,98790.6,851.17,533.06,1153.21,860.14,1,1031.0,684.5,822.0,482.0,1240.0,887.0,0.5836,22.1,79.39,173.43
651,21.78,AGREE,1,0.9469,1002.55,697.0,98792.6,851.57,533.41,1153.53,860.59,1,1031.0,685.5,822.0,483.0,1240.0,888.0,0.5836,21.68,76.71,173.36
652,21.813,AGREE,1,0.9478,1001.82,696.44,98507.1,852.06,532.01,1151.59,860.88,1,1032.0,686.5,823.0,484.0,1241.0,889.0,0.5819,21.75,80.81,173.26
653,21.846,AGREE,1,0.9469,1003.55,698.04,98832.3,852.62,534.34,1154.48,861.74,1,1033.0,686.5,824.0,484.0,1242.0,889.0,0.5838,20.94,80.48,173.2
654,21.88,AGREE,1,0.9471,1002.88,697.15,98453.0,853.2,532.71,1152.56,861.59,1,1034.0,687.5,825.0,485.0,1243.0,890.0,0.5816,16.22,81.29,173.15
655,21.913,AGREE,1,0.9478,1003.03,697.24,98414.6,853.32,532.9,1152.73,861.59,1,1033.0,687.5,824.0,485.0,1242.0,890.0,0.5813,18.48,81.81,173.1
656,21.947,AGREE,1,0.9464,1004.55,698.53,99301.2,853.11,534.6,1155.99,862.46,1,1033.0,687.5,824.0,485.0,1242.0,890.0,0.5866,21.01,80.21,173.04
657,21.98,AGREE,1,0.9469,1003.97,696.97,98752.1,853.87,532.5,1154.07,861.45,1,1034.0,688.5,825.0,486.0,1243.0,891.0,0.5833,22.27,81.48,173.02
658,22.014,AGREE,1,0.9475,1004.54,696.88,98866.2,854.34,532.33,1154.74,861.44,1,1034.0,687.5,825.0,485.0,1243.0,890.0,0.584,20.09,87.8,172.99
659,22.047,AGREE,1,0.9457,1006.28,698.4,99323.8,855.06,534.19,1157.49,862.61,1,1035.0,687.5,826.0,485.0,1244.0,890.0,0.5867,17.89,83.52,172.99
660,22.081,AGREE,1,0.9457,1006.22,698.58,99163.5,854.99,534.65,1157.44,862.52,1,1035.0,687.5,826.0,485.0,1244.0,890.0,0.5858,21.0,82.19,172.89
661,22.114,AGREE,1,0.9454,1007.02,699.16,99367.5,855.82,534.86,1158.22,863.46,1,1035.0,688.5,826.0,486.0,1244.0,891.0,0.587,20.99,83.55,172.91
662,22.148,AGREE,1,0.9456,1007.47,699.27,99440.1,856.16,534.96,1158.77,863.57,1,1036.0,688.5,827.0,486.0,1245.0,891.0,0.5874,20.28,85.28,172.92
663,22.181,AGREE,1,0.947,1007.41,699.42,99476.1,856.15,535.01,1158.68,863.82,1,1036.0,688.5,827.0,486.0,1245.0,891.0,0.5876,20.99,84.09,172.92
664,22.214,AGREE,1,0.9458,1007.54,699.57,99517.2,856.14,535.25,1158.94,863.9,1,1036.0,689.5,827.0,487.0,1245.0,892.0,0.5879,20.97,81.88,172.92
665,22.248,AGREE,1,0.9448,1007.59,699.61,99517.6,856.13,535.35,1159.05,863.87,1,1036.0,689.5,827.0,487.0,1245.0,892.0,0.5879,20.94,81.91,172.91
666,22.281,AGREE,1,0.9453,1008.4,699.86,99328.7,857.09,535.75,1159.72,863.96,1,1036.0,689.5,827.0,487.0,1245.0,892.0,0.5867,16.19,85.14,172.9
667,22.315,AGREE,1,0.9447,1008.74,700.03,99183.7,857.68,535.88,1159.8,864.17,1,1036.0,689.5,827.0,487.0,1245.0,892.0,0.5859,15.97,85.1,172.87
668,22.348,AGREE,1,0.9462,1009.22,699.69,99240.0,858.03,535.59,1160.4,863.79,1,1037.0,689.5,828.0,487.0,1246.0,892.0,0.5862,16.75,83.17,172.86
669,22.382,AGREE,1,0.9443,1009.2,699.95,99249.4,857.97,535.88,1160.43,864.02,1,1037.0,689.5,828.0,487.0,1246.0,892.0,0.5863,21.15,80.01,172.84
670,22.415,AGREE,1,0.9436,1007.91,699.52,99487.0,857.3,534.38,1158.52,864.66,1,1036.0,689.5,827.0,487.0,1245.0,892.0,0.5877,21.21,80.17,172.8
671,22.449,AGREE,1,0.9451,1009.26,700.46,99353.9,857.89,536.36,1160.62,864.56,1,1037.0,689.5,828.0,487.0,1246.0,892.0,0.5869,20.72,83.51,172.74
672,22.482,AGREE,1,0.9458,1009.3,700.49,99424.8,857.92,536.29,1160.67,864.7,1,1038.0,690.5,829.0,488.0,1247.0,893.0,0.5873,21.03,81.23,172.7
673,22.516,AGREE,1,0.9456,1009.72,700.43,99296.5,858.48,536.3,1160.97,864.56,1,1038.0,691.5,829.0,489.0,1247.0,894.0,0.5865,21.42,83.32,172.65
674,22.549,AGREE,1,0.9458,1009.66,700.62,99250.2,858.47,536.51,1160.85,864.74,1,1038.0,690.5,829.0,488.0,1247.0,893.0,0.5863,17.16,84.1,172.62
675,22.582,AGREE,1,0.9447,1008.48,700.19,99183.9,858.21,535.17,1158.75,865.2,1,1038.0,691.5,829.0,489.0,1247.0,894.0,0.5859,21.05,82.7,172.59
676,22.616,AGREE,1,0.9449,1008.48,700.23,99327.8,858.12,535.08,1158.84,865.39,1,1038.0,691.5,829.0,489.0,1247.0,894.0,0.5867,15.91,81.7,172.59
677,22.649,AGREE,1,0.9441,1008.14,700.42,99217.3,858.08,535.12,1158.2,865.72,1,1038.0,691.5,829.0,489.0,1247.0,894.0,0.5861,16.85,80.29,172.55
678,22.683,AGREE,1,0.9436,1009.18,700.82,99178.8,858.28,536.51,1160.09,865.13,1,1037.0,691.5,828.0,489.0,1246.0,894.0,0.5859,15.71,78.31,172.51
679,22.716,AGREE,1,0.9455,1008.82,701.22,99245.1,857.76,536.97,1159.87,865.47,1,1037.0,691.5,828.0,489.0,1246.0,894.0,0.5862,21.41,74.36,172.44
680,22.75,AGREE,1,0.9448,1006.71,701.07,99216.8,856.83,535.57,1156.59,866.56,1,1037.0,692.5,828.0,490.0,1246.0,895.0,0.5861,21.45,75.42,172.37
681,22.783,AGREE,1,0.9455,1007.88,701.6,99431.4,856.6,537.28,1159.15,865.92,1,1036.0,692.5,827.0,490.0,1245.0,895.0,0.5873,21.5,78.75,172.28
682,22.817,AGREE,1,0.9472,1007.49,701.88,99656.9,855.82,537.6,1159.16,866.15,1,1036.0,692.5,827.0,490.0,1245.0,895.0,0.5887,17.12,83.5,172.18
683,22.85,AGREE,1,0.9458,1006.23,701.96,99728.4,854.46,537.68,1157.99,866.25,1,1036.0,693.5,827.0,491.0,1245.0,896.0,0.5891,20.98,79.61,172.08
684,22.884,AGREE,1,0.9457,1002.85,701.72,99224.3,852.9,536.29,1152.8,867.15,1,1034.0,693.5,825.0,491.0,1243.0,896.0,0.5861,20.89,80.78,172.03
685,22.917,AGREE,1,0.9464,1003.36,701.96,99923.4,851.79,537.15,1154.93,866.78,1,1033.0,693.5,824.0,491.0,1242.0,896.0,0.5902,20.83,77.08,171.92
686,22.951,AGREE,1,0.9456,1002.72,701.85,99830.7,851.42,536.9,1154.03,866.8,1,1032.0,693.5,823.0,491.0,1241.0,896.0,0.5897,17.47,74.55,171.83
687,22.984,AGREE,1,0.9435,1002.24,702.15,99821.6,851.04,537.1,1153.45,867.19,1,1032.0,693.5,823.0,491.0,1241.0,896.0,0.5896,16.48,78.67,171.62
688,23.017,AGREE,1,0.943,1001.08,702.67,99226.9,851.13,537.24,1151.04,868.1,1,1032.0,694.5,823.0,492.0,1241.0,897.0,0.5861,21.3,76.95,171.5
689,23.051,AGREE,1,0.943,1000.95,702.44,99008.3,851.04,537.32,1150.86,867.56,1,1031.0,693.5,822.0,491.0,1240.0,896.0,0.5848,21.48,81.71,171.4
690,23.084,AGREE,1,0.9437,1001.21,702.74,98943.7,851.5,537.51,1150.92,867.96,1,1032.0,694.5,823.0,492.0,1241.0,897.0,0.5845,16.97,83.79,171.26
691,23.118,AGREE,1,0.9454,1001.16,702.57,98777.5,851.56,537.49,1150.75,867.65,1,1032.0,694.5,823.0,492.0,1241.0,897.0,0.5835,20.91,78.7,171.28
692,23.151,AGREE,1,0.9456,1001.29,702.86,98779.0,851.71,537.77,1150.87,867.96,1,1032.0,694.5,823.0,492.0,1241.0,897.0,0.5835,20.91,82.14,171.25
693,23.185,AGREE,1,0.9457,1001.76,702.73,98801.4,852.23,537.54,1151.29,867.92,1,1033.0,694.5,824.0,492.0,1242.0,897.0,0.5836,22.24,84.61,171.25
694,23.218,AGREE,1,0.9456,1002.47,702.24,98643.5,852.98,537.27,1151.95,867.21,1,1033.0,694.5,824.0,492.0,1242.0,897.0,0.5827,17.12,81.82,171.25
695,23.252,AGREE,1,0.945,1003.13,702.19,98629.1,853.72,537.16,1152.55,867.22,1,1034.0,694.5,825.0,492.0,1243.0,897.0,0.5826,20.88,82.67,171.25
696,23.285,AGREE,1,0.9468,1004.06,702.21,98855.4,854.42,537.05,1153.69,867.36,1,1034.0,694.5,825.0,492.0,1243.0,897.0,0.5839,17.25,80.63,171.27
697,23.319,AGREE,1,0.948,1006.46,702.11,99194.9,855.4,537.94,1157.51,866.28,1,1034.0,694.5,825.0,492.0,1243.0,897.0,0.5859,21.49,86.58,171.31
698,23.352,AGREE,1,0.9471,1007.86,702.14,99223.3,856.75,537.97,1158.96,866.31,1,1035.0,695.5,826.0,493.0,1244.0,898.0,0.5861,20.86,81.06,171.36
699,23.385,AGREE,1,0.9466,1008.02,702.7,99196.2,858.0,537.4,1158.05,868.0,1,1037.0,695.5,828.0,493.0,1246.0,898.0,0.586,17.05,83.19,171.39
700,23.419,AGREE,1,0.9452,1008.87,702.88,99396.8,858.71,537.4,1159.03,868.37,1,1038.0,694.5,829.0,492.0,1247.0,897.0,0.5871,20.98,81.3,171.38
701,23.452,AGREE,1,0.9446,1009.03,703.41,99429.1,858.7,538.06,1159.36,868.76,1,1039.0,694.5,830.0,492.0,1248.0,897.0,0.5873,17.56,81.87,171.38
702,23.486,AGREE,1,0.9457,1009.22,703.69,99588.4,858.98,537.98,1159.47,869.4,1,1038.0,695.5,829.0,493.0,1247.0,898.0,0.5883,14.33,81.67,171.36
703,23.519,AGREE,1,0.9445,1009.02,703.92,99384.9,859.06,538.23,1158.97,869.61,1,1038.0,695.5,829.0,493.0,1247.0,898.0,0.5871,21.49,85.55,171.34
704,23.553,AGREE,1,0.9442,1008.68,703.96,99096.3,858.88,538.58,1158.48,869.34,1,1039.0,695.5,830.0,493.0,1248.0,898.0,0.5854,17.35,79.77,171.31
705,23.586,AGREE,1,0.9455,1008.59,704.24,99135.7,858.88,538.7,1158.3,869.78,1,1038.0,695.5,829.0,493.0,1247.0,898.0,0.5856,21.14,82.0,171.27
706,23.62,AGREE,1,0.9454,1009.29,704.98,99100.1,859.46,539.63,1159.12,870.34,1,1039.0,696.5,830.0,494.0,1248.0,899.0,0.5854,16.24,80.25,171.23
707,23.653,AGREE,1,0.9464,1010.67,705.52,99093.1,860.47,540.57,1160.86,870.46,1,1040.0,697.5,831.0,495.0,1249.0,900.0,0.5853,20.9,78.88,171.16
708,23.687,AGREE,1,0.9472,1011.6,706.1,99117.3,861.15,541.39,1162.04,870.8,1,1041.0,697.5,832.0,495.0,1250.0,900.0,0.5855,16.62,78.02,171.09
709,23.72,AGREE,1,0.9492,1012.61,706.52,98948.2,862.21,542.04,1163.01,870.99,1,1042.0,698.5,833.0,496.0,1251.0,901.0,0.5845,21.65,75.93,171.04
710,23.753,AGREE,1,0.9517,1013.97,706.78,98893.8,863.36,542.62,1164.58,870.93,1,1043.0,698.5,834.0,496.0,1252.0,901.0,0.5842,21.14,79.82,171.06
711,23.787,AGREE,1,0.9541,1014.5,706.37,99055.0,863.82,542.02,1165.18,870.72,1,1043.0,698.5,834.0,496.0,1252.0,901.0,0.5851,21.13,84.16,171.11
712,23.82,AGREE,1,0.9551,1014.74,706.42,99181.8,863.87,542.07,1165.61,870.77,1,1044.0,698.5,835.0,496.0,1253.0,901.0,0.5859,18.73,86.82,171.16
713,23.854,AGREE,1,0.9544,1014.78,706.43,99250.9,863.89,541.98,1165.66,870.88,1,1044.0,698.5,831.0,492.0,1257.0,905.0,0.5641,21.13,85.25,171.23
714,23.887,AGREE,1,0.9535,1014.84,706.2,99373.8,864.02,541.49,1165.67,870.92,1,1045.0,698.5,836.0,496.0,1254.0,901.0,0.587,18.24,82.63,171.3
715,23.921,AGREE,1,0.9535,1014.82,706.2,99459.5,863.97,541.37,1165.67,871.03,1,1045.0,697.5,836.0,495.0,1254.0,900.0,0.5875,16.9,80.39,171.33
716,23.954,AGREE,1,0.9537,1014.75,706.21,99440.7,863.93,541.38,1165.57,871.05,1,1044.0,697.5,835.0,495.0,1253.0,900.0,0.5874,18.82,77.34,171.35
717,23.988,AGREE,1,0.955,1014.54,706.39,99255.2,863.65,541.94,1165.44,870.83,1,1045.0,697.5,836.0,495.0,1254.0,900.0,0.5863,17.4,74.62,171.3
718,24.021,AGREE,1,0.9544,1014.48,706.91,99539.9,863.52,542.07,1165.45,871.75,1,1045.0,698.5,836.0,496.0,1254.0,901.0,0.588,14.41,71.15,171.23
719,24.055,AGREE,1,0.9516,1014.54,707.49,99626.8,863.61,542.47,1165.47,872.52,1,1044.0,699.5,835.0,497.0,1253.0,902.0,0.5885,17.21,76.48,171.12
720,24.088,AGREE,1,0.9516,1014.73,707.83,99504.0,864.06,542.73,1165.4,872.93,1,1044.0,699.5,835.0,497.0,1253.0,902.0,0.5878,16.41,79.39,170.98
721,24.121,AGREE,1,0.9504,1015.0,708.19,99709.8,864.12,542.98,1165.89,873.39,1,1045.0,700.5,836.0,498.0,1254.0,903.0,0.589,21.55,79.39,170.96
722,24.155,AGREE,1,0.9515,1015.09,708.14,99732.9,864.23,542.87,1165.96,873.41,1,1045.0,700.5,836.0,498.0,1254.0,903.0,0.5891,18.19,83.91,170.93
723,24.188,AGREE,1,0.9504,1015.56,708.69,99595.4,864.57,543.79,1166.55,873.59,1,1045.0,701.5,832.0,495.0,1258.0,908.0,0.5661,20.27,84.22,170.87
724,24.222,AGREE,1,0.9489,1015.27,709.33,99296.6,864.48,544.7,1166.06,873.96,1,1046.0,700.5,837.0,498.0,1255.0,903.0,0.5865,17.17,85.64,170.8
725,24.255,AGREE,1,0.9455,1015.45,709.7,99243.6,864.72,545.09,1166.18,874.3,1,1046.0,700.5,837.0,498.0,1255.0,903.0,0.5862,20.94,83.66,170.74
726,24.289,AGREE,1,0.947,1015.35,709.95,99193.0,864.72,545.31,1165.98,874.58,1,1046.0,701.5,837.0,499.0,1255.0,904.0,0.5859,17.33,85.81,170.7
727,24.322,AGREE,1,0.9454,1015.09,710.15,99231.1,864.61,545.3,1165.58,875.01,1,1046.0,701.5,837.0,499.0,1255.0,904.0,0.5862,16.33,85.12,170.66
728,24.356,AGREE,1,0.9463,1015.09,710.21,99267.7,864.51,545.4,1165.67,875.02,1,1046.0,702.5,837.0,500.0,1255.0,905.0,0.5864,21.14,87.47,170.62
729,24.389,AGREE,1,0.9462,1015.21,710.14,99222.7,864.68,545.35,1165.74,874.92,1,1046.0,702.5,837.0,500.0,1255.0,905.0,0.5861,21.16,91.19,170.62
730,24.423,AGREE,1,0.9466,1015.51,710.21,99656.8,864.51,545.22,1166.51,875.21,1,1046.0,703.5,837.0,501.0,1255.0,906.0,0.5887,22.05,90.74,170.66
731,24.456,AGREE,1,0.9482,1015.98,710.27,99834.6,864.67,545.31,1167.28,875.23,1,1045.0,702.5,836.0,500.0,1254.0,905.0,0.5897,22.14,85.49,170.7
732,24.489,AGREE,1,0.948,1016.03,710.2,99886.6,864.76,545.12,1167.3,875.28,1,1046.0,702.5,837.0,500.0,1255.0,905.0,0.59,16.84,82.73,170.69
733,24.523,AGREE,1,0.9487,1016.15,710.16,99843.0,864.94,545.09,1167.37,875.23,1,1046.0,702.5,837.0,500.0,1255.0,905.0,0.5898,17.0,79.52,170.68
734,24.556,AGREE,1,0.9461,1016.1,710.34,99688.2,865.0,545.41,1167.21,875.27,1,1046.0,703.5,837.0,501.0,1255.0,906.0,0.5889,14.04,86.24,170.63
735,24.59,AGREE,1,0.9459,1016.24,710.35,99560.3,865.22,545.55,1167.26,875.16,1,1046.0,703.5,837.0,501.0,1255.0,906.0,0.5881,21.05,87.81,170.6
736,24.623,AGREE,1,0.9447,1016.27,710.54,99444.2,865.33,545.83,1167.21,875.25,1,1046.0,703.5,833.0,497.0,1259.0,910.0,0.5652,20.68,90.07,170.56
737,24.657,AGREE,1,0.944,1016.3,710.98,99208.0,865.64,546.35,1166.96,875.6,1,1047.0,703.5,838.0,501.0,1256.0,906.0,0.586,21.49,87.6,170.51
738,24.69,AGREE,1,0.9447,1016.58,711.1,99176.4,865.87,546.58,1167.28,875.62,1,1046.0,704.5,837.0,502.0,1255.0,907.0,0.5858,21.52,85.51,170.47
739,24.724,AGREE,1,0.943,1016.73,711.6,99100.1,866.0,547.24,1167.46,875.97,1,1046.0,704.5,833.0,498.0,1259.0,911.0,0.5633,20.86,84.33,170.42
740,24.757,AGREE,1,0.9408,1016.94,712.15,98950.6,866.34,547.88,1167.53,876.42,1,1048.0,704.5,839.0,502.0,1257.0,907.0,0.5845,17.39,84.95,170.37
741,24.791,AGREE,1,0.9396,1017.26,712.57,98686.4,866.93,548.45,1167.59,876.68,1,1047.0,704.5,838.0,502.0,1256.0,907.0,0.5829,14.75,87.11,170.34
742,24.824,AGREE,1,0.9389,1017.63,712.84,98699.9,867.39,548.6,1167.87,877.07,1,1048.0,706.5,839.0,504.0,1257.0,909.0,0.583,18.43,88.7,170.29
743,24.857,AGREE,1,0.9368,1017.95,713.02,98899.7,867.55,548.63,1168.35,877.42,1,1047.0,705.5,838.0,503.0,1256.0,908.0,0.5842,21.59,87.59,170.28
744,24.891,AGREE,1,0.9374,1018.0,713.24,98897.7,867.5,548.96,1168.5,877.52,1,1048.0,706.5,839.0,504.0,1257.0,909.0,0.5842,20.98,84.71,170.28
745,24.924,AGREE,1,0.9375,1018.16,713.09,98822.7,867.88,548.69,1168.43,877.49,1,1048.0,706.5,839.0,504.0,1257.0,909.0,0.5837,24.3,86.15,170.28
746,24.958,AGREE,1,0.9401,1018.31,713.61,98889.9,868.0,549.13,1168.62,878.09,1,1049.0,706.5,840.0,504.0,1258.0,909.0,0.5841,16.99,87.41,170.24
747,24.991,AGREE,1,0.9413,1018.62,713.71,98975.5,868.2,549.22,1169.05,878.21,1,1049.0,706.5,840.0,504.0,1258.0,909.0,0.5847,20.35,89.71,170.22
748,25.025,AGREE,1,0.9396,1018.81,713.74,99073.1,868.27,549.21,1169.34,878.28,1,1049.0,706.5,840.0,504.0,1258.0,909.0,0.5852,21.04,84.03,170.21
749,25.058,AGREE,1,0.9418,1018.69,713.74,99002.0,868.16,549.32,1169.21,878.17,1,1049.0,706.5,840.0,504.0,1258.0,909.0,0.5848,22.43,86.71,170.18
750,25.092,AGREE,1,0.9412,1018.58,713.9,98883.8,868.13,549.58,1169.02,878.22,1,1049.0,707.5,840.0,505.0,1258.0,910.0,0.5841,21.04,86.92,170.08
751,25.125,AGREE,1,0.9404,1018.73,714.42,98811.0,868.45,550.04,1169.01,878.8,1,1049.0,707.5,840.0,505.0,1258.0,910.0,0.5837,22.71,82.86,170.06
752,25.159,AGREE,1,0.9383,1018.72,714.61,98759.5,868.56,550.19,1168.87,879.04,1,1049.0,708.5,840.0,506.0,1258.0,911.0,0.5834,17.61,86.57,170.02
753,25.192,AGREE,1,0.9375,1018.86,714.43,98636.8,868.97,549.91,1168.75,878.94,1,1049.0,708.5,840.0,506.0,1258.0,911.0,0.5826,17.22,87.47,169.99
754,25.225,AGREE,1,0.936,1019.21,714.97,98461.3,869.44,550.62,1168.99,879.32,1,1049.0,708.5,840.0,506.0,1258.0,911.0,0.5816,16.61,90.23,169.95
755,25.259,AGREE,1,0.935,1019.52,715.18,98431.8,869.77,550.85,1169.26,879.52,1,1049.0,708.5,840.0,506.0,1258.0,911.0,0.5814,17.23,87.01,169.9
756,25.292,AGREE,1,0.9358,1019.79,715.45,98254.6,870.09,551.36,1169.48,879.54,1,1049.0,709.5,840.0,507.0,1258.0,912.0,0.5804,17.6,85.37,169.87
757,25.326,AGREE,1,0.9334,1019.88,716.05,98329.9,870.31,551.68,1169.44,880.41,1,1049.0,709.5,840.0,507.0,1258.0,912.0,0.5808,24.9,88.3,169.82
758,25.359,AGREE,1,0.9329,1020.69,715.93,98173.1,871.37,551.56,1170.01,880.29,1,1050.0,710.5,841.0,508.0,1259.0,913.0,0.5799,24.55,87.83,169.83
759,25.393,AGREE,1,0.9324,1020.79,716.27,98000.1,871.69,551.95,1169.89,880.59,1,1051.0,710.5,842.0,508.0,1260.0,913.0,0.5789,22.06,82.79,169.88
760,25.426,AGREE,1,0.9322,1021.15,715.93,97841.6,872.1,551.82,1170.2,880.03,1,1050.0,710.5,841.0,508.0,1259.0,913.0,0.578,21.54,84.94,169.89
761,25.46,AGREE,1,0.9324,1021.85,715.93,97688.1,873.13,551.71,1170.56,880.15,1,1050.0,709.5,841.0,507.0,1259.0,912.0,0.577,17.43,81.86,169.95
762,25.493,AGREE,1,0.9371,1022.36,715.72,97551.2,873.63,551.76,1171.1,879.69,1,1051.0,710.5,842.0,508.0,1260.0,913.0,0.5762,21.11,81.08,169.94
763,25.527,AGREE,1,0.9373,1022.76,715.72,97428.1,874.25,551.71,1171.27,879.73,1,1052.0,709.5,843.0,507.0,1261.0,912.0,0.5755,17.94,80.78,169.99
764,25.56,AGREE,1,0.9367,1022.8,715.66,97456.9,874.41,551.46,1171.19,879.85,1,1052.0,709.5,843.0,507.0,1261.0,912.0,0.5757,17.32,80.6,170.0
765,25.593,AGREE,1,0.9391,1022.75,715.64,97520.7,874.33,551.38,1171.18,879.9,1,1052.0,709.5,843.0,507.0,1261.0,912.0,0.5761,13.99,82.62,169.98
766,25.627,AGREE,1,0.9391,1022.35,715.81,97644.7,874.02,551.24,1170.69,880.38,1,1052.0,709.5,843.0,507.0,1261.0,912.0,0.5768,14.05,81.13,169.98
767,25.66,AGREE,1,0.9371,1022.69,716.09,97654.7,874.25,551.63,1171.14,880.56,1,1052.0,709.5,843.0,507.0,1261.0,912.0,0.5768,13.92,82.36,169.96
768,25.694,AGREE,1,0.9381,1022.54,715.94,97477.4,874.21,551.65,1170.87,880.24,1,1052.0,709.5,843.0,507.0,1261.0,912.0,0.5758,13.95,83.42,169.93
769,25.727,AGREE,1,0.9373,1022.93,716.34,97458.3,874.8,551.85,1171.06,880.82,1,1053.0,710.5,844.0,508.0,1262.0,913.0,0.5757,14.15,85.7,169.89
770,25.761,AGREE,1,0.9374,1023.18,716.98,97427.2,874.94,552.67,1171.41,881.29,1,1052.0,710.5,843.0,508.0,1261.0,913.0,0.5755,14.08,88.4,169.85
771,25.794,AGREE,1,0.9355,1023.24,716.99,97503.8,875.01,552.56,1171.48,881.43,1,1053.0,710.5,844.0,508.0,1262.0,913.0,0.576,14.07,86.6,169.84
772,25.828,AGREE,1,0.9378,1022.99,716.74,97224.2,875.02,552.48,1170.96,881.0,1,1052.0,710.5,843.0,508.0,1261.0,913.0,0.5743,14.13,88.37,169.83
773,25.861,AGREE,1,0.9368,1022.77,716.7,97229.4,874.74,552.49,1170.8,880.91,1,1053.0,709.5,844.0,507.0,1262.0,912.0,0.5743,14.16,84.53,169.83
774,25.895,AGREE,1,0.9356,1022.4,716.4,97339.7,874.21,552.18,1170.59,880.61,1,1052.0,709.5,843.0,507.0,1261.0,912.0,0.575,14.12,85.04,169.84
775,25.928,AGREE,1,0.9381,1022.95,715.97,97062.1,875.03,551.93,1170.88,880.01,1,1052.0,710.5,843.0,508.0,1261.0,913.0,0.5733,14.15,87.29,169.88
776,25.962,AGREE,1,0.9394,1022.21,715.83,97493.1,873.86,551.53,1170.56,880.13,1,1052.0,710.5,843.0,508.0,1261.0,913.0,0.5759,23.41,84.49,169.96
777,25.995,AGREE,1,0.9413,1022.08,715.14,97473.4,873.75,550.86,1170.41,879.43,1,1052.0,710.5,843.0,508.0,1261.0,913.0,0.5758,14.18,80.78,170.03
778,26.028,AGREE,1,0.9417,1022.49,714.95,97271.2,874.3,550.85,1170.67,879.06,1,1052.0,709.5,843.0,507.0,1261.0,912.0,0.5746,13.92,87.78,170.1
779,26.062,AGREE,1,0.9401,1022.49,714.51,97263.8,874.53,550.18,1170.46,878.85,1,1052.0,709.5,843.0,507.0,1261.0,912.0,0.5745,13.82,91.01,170.11
