frame,time_s,status,det_found,det_conf,det_cx,det_cy,det_area,det_x1,det_y1,det_x2,det_y2,trk_ok,trk_cx,trk_cy,trk_x1,trk_y1,trk_x2,trk_y2,iou,det_ms,sharpness,brightness
0,0.0,AGREE,1,0.9367,1053.7,649.32,95263.2,897.2,497.15,1210.21,801.49,1,1053.7,649.32,897.2,497.15,1210.21,801.49,1.0,779.19,59.47,58.12
1,0.033,AGREE,1,0.9366,1053.97,649.29,95389.4,897.41,496.97,1210.53,801.61,1,1054.5,649.0,898.0,497.0,1211.0,801.0,0.9945,17.94,60.64,58.17
2,0.067,AGREE,1,0.9369,1054.37,649.37,95346.3,897.89,497.04,1210.86,801.69,1,1054.5,649.0,898.0,497.0,1211.0,801.0,0.9968,18.53,63.75,58.19
3,0.1,AGREE,1,0.9375,1054.46,649.33,95052.6,897.99,497.46,1210.93,801.21,1,1054.5,649.0,898.0,497.0,1211.0,801.0,0.9975,17.14,66.62,58.21
4,0.133,AGREE,1,0.9391,1054.79,649.33,95188.5,898.23,497.33,1211.34,801.34,1,1055.5,649.0,899.0,497.0,1212.0,801.0,0.9933,21.98,68.09,58.23
5,0.167,AGREE,1,0.9363,1055.23,649.4,95545.4,898.34,497.16,1212.13,801.65,1,1054.5,649.0,898.0,497.0,1211.0,801.0,0.9927,17.27,62.51,58.2
6,0.2,AGREE,1,0.9348,1054.68,649.37,95312.3,898.05,497.24,1211.31,801.5,1,1055.5,649.0,899.0,497.0,1212.0,801.0,0.9923,22.75,64.18,58.22
7,0.233,AGREE,1,0.9348,1054.49,649.23,94904.4,897.99,497.62,1210.99,800.83,1,1054.5,648.0,898.0,496.0,1211.0,800.0,0.9919,17.86,62.93,58.22
8,0.267,AGREE,1,0.9332,1054.81,648.66,94896.9,898.43,496.95,1211.19,800.37,1,1055.5,649.0,899.0,497.0,1212.0,801.0,0.9934,23.07,62.23,58.24
9,0.3,AGREE,1,0.9335,1054.87,648.83,94932.8,898.48,497.08,1211.26,800.59,1,1055.5,648.0,899.0,496.0,1212.0,800.0,0.9905,17.22,63.89,58.28
10,0.333,AGREE,1,0.935,1055.06,648.52,95107.0,898.47,496.68,1211.64,800.36,1,1055.5,648.0,899.0,496.0,1212.0,800.0,0.9938,22.93,65.68,58.31
11,0.367,AGREE,1,0.9343,1054.33,648.39,94943.2,898.04,496.52,1210.63,800.26,1,1056.5,648.0,903.0,499.0,1210.0,797.0,0.9636,22.44,66.7,58.29
12,0.4,AGREE,1,0.9335,1054.44,648.32,94902.4,898.35,496.32,1210.53,800.32,1,1054.5,648.0,898.0,496.0,1211.0,800.0,0.9953,17.82,63.66,58.3
13,0.433,AGREE,1,0.9334,1055.01,648.49,94603.7,899.29,496.6,1210.73,800.37,1,1056.5,648.0,900.0,496.0,1213.0,800.0,0.9874,21.45,63.06,58.31
14,0.467,AGREE,1,0.9314,1055.02,648.49,94752.9,899.2,496.46,1210.84,800.51,1,1056.5,648.0,900.0,496.0,1213.0,800.0,0.9874,22.02,62.15,58.33
15,0.5,AGREE,1,0.9307,1055.22,648.51,94626.9,899.52,496.57,1210.92,800.45,1,1056.5,648.0,900.0,496.0,1213.0,800.0,0.9885,20.26,65.14,58.33
16,0.533,AGREE,1,0.9327,1055.69,648.89,94662.5,899.97,496.92,1211.41,800.87,1,1056.5,648.0,900.0,496.0,1213.0,800.0,0.989,21.3,62.06,58.35
17,0.567,AGREE,1,0.9324,1057.18,648.91,95358.0,900.56,496.69,1213.79,801.13,1,1056.5,648.0,900.0,496.0,1213.0,800.0,0.9898,25.06,60.82,58.33
18,0.6,AGREE,1,0.9323,1056.38,648.91,94992.4,900.37,496.69,1212.39,801.14,1,1058.5,648.0,905.0,499.0,1212.0,797.0,0.9631,27.32,62.35,58.33
19,0.633,AGREE,1,0.9348,1057.05,648.94,95237.5,900.42,496.94,1213.69,800.95,1,1058.5,648.0,905.0,499.0,1212.0,797.0,0.9606,22.11,64.86,58.34
20,0.666,AGREE,1,0.936,1057.82,648.9,95491.1,900.71,496.95,1214.93,800.85,1,1057.5,648.0,901.0,496.0,1214.0,800.0,0.9903,23.07,67.16,58.35
21,0.7,AGREE,1,0.9374,1058.38,648.92,95667.7,900.9,497.05,1215.87,800.79,1,1058.5,648.0,902.0,496.0,1215.0,800.0,0.9878,17.91,66.25,58.37
22,0.733,AGREE,1,0.9387,1058.77,648.6,95751.9,901.2,496.68,1216.34,800.52,1,1059.5,648.0,906.0,499.0,1213.0,797.0,0.9554,21.24,63.2,58.41
23,0.766,AGREE,1,0.9392,1058.68,649.07,95173.7,902.24,496.98,1215.12,801.16,1,1059.5,648.0,903.0,496.0,1216.0,800.0,0.9878,17.64,61.31,58.39
24,0.8,AGREE,1,0.9411,1060.06,648.82,95939.8,902.16,496.92,1217.96,800.72,1,1059.5,648.0,903.0,496.0,1216.0,800.0,0.9858,17.81,62.05,58.4
25,0.833,AGREE,1,0.939,1060.23,648.71,96133.8,902.15,496.67,1218.31,800.74,1,1060.5,648.0,907.0,499.0,1214.0,797.0,0.9517,16.74,61.65,58.39
26,0.866,AGREE,1,0.9397,1060.52,648.82,96178.2,902.35,496.81,1218.7,800.84,1,1060.5,648.0,904.0,496.0,1217.0,800.0,0.9841,23.57,61.35,58.41
27,0.9,AGREE,1,0.9403,1061.56,648.96,96321.1,903.21,496.89,1219.92,801.02,1,1061.5,647.0,905.0,495.0,1218.0,799.0,0.9757,22.47,62.37,58.42
28,0.933,AGREE,1,0.9414,1061.15,648.92,96017.0,903.89,496.28,1218.41,801.56,1,1062.5,647.0,906.0,495.0,1219.0,799.0,0.979,21.94,62.94,58.41
29,0.966,AGREE,1,0.9447,1062.09,647.23,93950.2,905.84,496.92,1218.35,797.55,1,1063.5,647.0,907.0,495.0,1220.0,799.0,0.9801,16.52,62.39,58.46
30,1.0,AGREE,1,0.9476,1063.35,646.91,94464.5,906.62,496.23,1220.09,797.58,1,1065.5,647.0,909.0,495.0,1222.0,799.0,0.9778,21.49,60.74,58.51
31,1.033,AGREE,1,0.9484,1064.26,646.56,94639.1,907.52,495.61,1221.0,797.51,1,1065.5,647.0,909.0,495.0,1222.0,799.0,0.9853,24.32,59.53,58.51
32,1.066,AGREE,1,0.9471,1065.89,646.13,94879.9,908.94,495.0,1222.85,797.26,1,1066.5,646.0,910.0,494.0,1223.0,798.0,0.9904,21.48,57.2,58.49
33,1.1,AGREE,1,0.9487,1066.08,645.88,94996.9,909.08,494.6,1223.07,797.15,1,1066.5,646.0,910.0,494.0,1223.0,798.0,0.9921,17.02,59.79,58.48
34,1.133,AGREE,1,0.9513,1066.16,646.41,94933.9,909.12,495.29,1223.2,797.54,1,1067.5,647.0,911.0,495.0,1224.0,799.0,0.9858,21.22,62.06,58.48
35,1.166,AGREE,1,0.9524,1066.38,646.81,95096.8,909.11,495.64,1223.65,797.98,1,1067.5,647.0,911.0,495.0,1224.0,799.0,0.9875,22.0,62.35,58.48
36,1.2,AGREE,1,0.9527,1066.36,646.93,94961.1,909.32,495.76,1223.41,798.1,1,1067.5,647.0,914.0,498.0,1221.0,796.0,0.9634,24.95,64.13,58.45
37,1.233,AGREE,1,0.9504,1065.93,647.12,94963.0,908.84,495.99,1223.03,798.24,1,1066.5,647.0,910.0,495.0,1223.0,799.0,0.9905,23.99,62.89,58.43
38,1.266,AGREE,1,0.9496,1065.19,647.48,94834.8,908.21,496.45,1222.17,798.51,1,1065.5,648.0,909.0,496.0,1222.0,800.0,0.9906,21.33,60.28,58.4
39,1.3,AGREE,1,0.9481,1064.72,647.48,94642.8,907.69,496.81,1221.76,798.15,1,1065.5,648.0,909.0,496.0,1222.0,800.0,0.9864,21.38,63.53,58.39
40,1.333,AGREE,1,0.9471,1064.36,647.53,94779.7,907.3,496.66,1221.41,798.39,1,1065.5,648.0,909.0,496.0,1222.0,800.0,0.9854,16.56,60.21,58.37
41,1.366,AGREE,1,0.9493,1064.08,647.5,94866.7,907.16,496.36,1221.0,798.64,1,1064.5,648.0,908.0,496.0,1221.0,800.0,0.9917,18.12,59.76,58.36
42,1.4,AGREE,1,0.9482,1063.83,647.62,94720.9,907.02,496.61,1220.64,798.62,1,1065.5,648.0,909.0,496.0,1222.0,800.0,0.983,17.94,58.55,58.34
43,1.433,AGREE,1,0.9475,1064.13,647.26,94749.0,907.22,496.3,1221.04,798.22,1,1065.5,648.0,909.0,496.0,1222.0,800.0,0.9846,17.56,58.03,58.35
44,1.466,AGREE,1,0.9469,1063.96,647.32,94524.9,907.21,496.56,1220.71,798.08,1,1064.5,648.0,908.0,496.0,1221.0,800.0,0.9884,21.35,62.25,58.36
45,1.5,AGREE,1,0.946,1064.14,647.32,94441.2,907.36,496.71,1220.91,797.92,1,1065.5,648.0,909.0,496.0,1222.0,800.0,0.9823,21.2,63.2,58.42
46,1.533,AGREE,1,0.9473,1064.0,647.27,94471.6,907.2,496.65,1220.8,797.9,1,1065.5,648.0,909.0,496.0,1222.0,800.0,0.9816,21.3,62.26,58.38
47,1.566,AGREE,1,0.9479,1063.68,647.38,94597.5,906.85,496.59,1220.51,798.18,1,1065.5,648.0,909.0,496.0,1222.0,800.0,0.9807,22.11,60.64,58.36
48,1.6,AGREE,1,0.9456,1063.52,647.3,94822.4,906.49,496.34,1220.55,798.26,1,1064.5,648.0,908.0,496.0,1221.0,800.0,0.987,25.16,61.14,58.35
49,1.633,AGREE,1,0.9462,1063.38,647.47,94981.4,906.17,496.43,1220.6,798.5,1,1064.5,648.0,908.0,496.0,1221.0,800.0,0.9867,25.44,61.39,58.3
50,1.666,AGREE,1,0.9444,1062.96,647.42,94952.5,905.87,496.31,1220.06,798.53,1,1064.5,648.0,908.0,496.0,1221.0,800.0,0.9845,24.76,60.84,58.32
51,1.7,AGREE,1,0.9456,1062.83,647.66,95009.5,905.68,496.51,1219.97,798.81,1,1064.5,648.0,908.0,496.0,1221.0,800.0,0.9839,17.75,62.31,58.28
52,1.733,AGREE,1,0.9468,1062.8,648.0,95238.4,905.43,496.71,1220.17,799.3,1,1064.5,648.0,908.0,496.0,1221.0,800.0,0.9847,18.14,64.66,58.3
53,1.766,AGREE,1,0.9482,1062.83,647.95,95042.4,905.55,496.88,1220.12,799.02,1,1063.5,648.0,907.0,496.0,1220.0,800.0,0.9889,23.47,66.22,58.34
54,1.799,AGREE,1,0.9473,1063.25,647.91,95315.1,905.72,496.64,1220.78,799.17,1,1064.5,648.0,908.0,496.0,1221.0,800.0,0.9873,23.57,63.84,58.31
55,1.833,AGREE,1,0.9445,1063.55,647.84,95221.8,906.08,496.67,1221.03,799.01,1,1065.5,648.0,912.0,499.0,1219.0,797.0,0.9608,21.94,63.32,58.31
56,1.866,AGREE,1,0.9449,1063.82,647.69,95353.8,906.11,496.54,1221.53,798.85,1,1065.5,648.0,909.0,496.0,1222.0,800.0,0.9839,17.72,62.57,58.31
57,1.899,AGREE,1,0.946,1063.87,647.9,95268.3,906.33,496.72,1221.42,799.07,1,1064.5,648.0,908.0,496.0,1221.0,800.0,0.988,17.31,62.48,58.33
58,1.933,AGREE,1,0.9456,1063.86,647.75,95447.8,906.39,496.21,1221.33,799.28,1,1064.5,648.0,908.0,496.0,1221.0,800.0,0.9908,17.54,63.78,58.33
59,1.966,AGREE,1,0.9478,1064.04,647.59,95275.3,906.71,496.19,1221.36,798.99,1,1065.5,648.0,909.0,496.0,1222.0,800.0,0.9868,17.48,64.16,58.32
60,1.999,AGREE,1,0.9488,1063.74,647.39,94974.7,906.82,496.08,1220.67,798.7,1,1066.5,647.0,913.0,498.0,1220.0,796.0,0.9633,17.45,61.97,58.28
61,2.033,AGREE,1,0.949,1064.22,646.81,95217.5,907.22,495.18,1221.22,798.43,1,1064.5,647.0,911.0,498.0,1218.0,796.0,0.9608,22.1,63.68,58.35
62,2.066,AGREE,1,0.948,1064.32,646.34,95445.2,907.05,494.62,1221.59,798.07,1,1065.5,647.0,912.0,498.0,1219.0,796.0,0.9585,22.03,64.26,58.4
63,2.099,AGREE,1,0.9442,1064.74,645.24,96054.7,907.18,492.84,1222.3,797.65,1,1066.5,646.0,910.0,494.0,1223.0,798.0,0.984,22.01,63.74,58.49
64,2.133,AGREE,1,0.9453,1064.84,645.27,95850.4,907.21,493.25,1222.46,797.29,1,1065.5,646.0,909.0,494.0,1222.0,798.0,0.9881,22.04,65.67,58.51
65,2.166,AGREE,1,0.9445,1065.25,644.64,95915.1,907.67,492.47,1222.83,796.81,1,1066.5,645.0,910.0,493.0,1223.0,797.0,0.9898,17.81,60.71,58.55
66,2.199,AGREE,1,0.9441,1066.2,644.26,95900.4,908.63,492.1,1223.76,796.42,1,1067.5,645.0,911.0,493.0,1224.0,797.0,0.987,23.68,60.5,58.55
67,2.233,AGREE,1,0.9444,1066.42,644.15,95903.3,908.8,492.04,1224.04,796.26,1,1067.5,645.0,911.0,493.0,1224.0,797.0,0.9874,23.61,58.72,58.51
68,2.266,AGREE,1,0.9444,1066.83,643.58,96119.0,909.14,491.19,1224.52,795.96,1,1067.5,645.0,911.0,493.0,1224.0,797.0,0.9832,16.85,62.45,58.54
69,2.299,AGREE,1,0.9464,1067.18,642.49,96558.9,909.54,489.37,1224.83,795.61,1,1068.5,645.0,912.0,493.0,1225.0,797.0,0.9755,18.04,62.47,58.56
70,2.333,AGREE,1,0.9473,1067.06,641.92,96695.4,909.53,488.47,1224.59,795.37,1,1067.5,644.0,911.0,492.0,1224.0,796.0,0.98,16.53,60.07,58.64
71,2.366,AGREE,1,0.947,1067.43,641.83,96135.1,909.93,489.23,1224.93,794.43,1,1067.5,643.0,908.0,488.0,1227.0,798.0,0.9721,16.49,60.63,58.69
72,2.399,AGREE,1,0.9486,1068.27,641.53,95950.2,910.33,489.66,1226.21,793.41,1,1069.5,643.0,913.0,491.0,1226.0,795.0,0.9814,21.52,61.32,58.77
73,2.433,AGREE,1,0.9485,1069.1,640.03,96531.8,910.73,487.65,1227.47,792.41,1,1070.5,642.0,914.0,490.0,1227.0,794.0,0.9755,23.4,59.77,58.81
74,2.466,AGREE,1,0.9473,1070.72,639.25,96744.9,912.33,486.56,1229.12,791.95,1,1069.5,641.0,910.0,486.0,1229.0,796.0,0.9776,17.89,58.95,58.89
75,2.499,AGREE,1,0.949,1071.04,638.53,97184.4,912.36,485.42,1229.73,791.64,1,1071.5,642.0,915.0,490.0,1228.0,794.0,0.9642,23.02,58.73,58.96
76,2.533,AGREE,1,0.9486,1071.73,637.87,97005.8,913.02,485.06,1230.44,790.67,1,1071.5,640.0,915.0,488.0,1228.0,792.0,0.9724,23.61,58.36,59.07
77,2.566,AGREE,1,0.9499,1073.77,637.06,97686.4,913.82,484.38,1233.72,789.74,1,1072.5,640.0,916.0,488.0,1229.0,792.0,0.9599,17.26,59.71,59.15
78,2.599,AGREE,1,0.9471,1074.64,636.6,97572.2,914.76,484.03,1234.51,789.18,1,1074.5,638.0,915.0,483.0,1234.0,793.0,0.9821,23.53,59.68,59.16
79,2.633,AGREE,1,0.9504,1076.78,637.02,97111.3,917.61,484.5,1235.95,789.55,1,1077.5,639.0,918.0,484.0,1237.0,794.0,0.9796,23.74,56.12,59.2
80,2.666,AGREE,1,0.9436,1081.58,638.83,96331.6,923.8,486.19,1239.36,791.46,1,1082.5,640.0,926.0,488.0,1239.0,792.0,0.9843,16.97,52.04,59.19
81,2.699,AGREE,1,0.9467,1087.11,642.23,96682.6,928.65,489.69,1245.56,794.77,1,1087.5,643.0,934.0,494.0,1241.0,792.0,0.9463,17.71,47.66,59.0
82,2.733,AGREE,1,0.9414,1093.21,644.45,96390.5,936.09,491.08,1250.32,797.82,1,1093.5,645.0,943.0,499.0,1244.0,791.0,0.9118,17.93,50.77,58.82
83,2.766,AGREE,1,0.94,1094.97,645.13,96731.3,937.28,491.77,1252.67,798.48,1,1097.5,645.0,944.0,496.0,1251.0,794.0,0.9458,16.55,52.38,58.84
84,2.799,AGREE,1,0.9342,1097.63,644.81,96134.2,940.59,491.77,1254.68,797.85,1,1099.5,645.0,946.0,496.0,1253.0,794.0,0.9516,17.04,54.12,58.87
85,2.833,AGREE,1,0.9298,1101.24,643.93,97520.0,943.85,489.02,1258.62,798.83,1,1101.5,644.0,948.0,495.0,1255.0,793.0,0.9381,21.25,51.25,58.96
86,2.866,AGREE,1,0.9294,1105.18,643.4,98360.6,946.66,488.28,1263.69,798.53,1,1104.5,644.0,948.0,492.0,1261.0,796.0,0.9674,21.47,55.04,58.98
87,2.899,AGREE,1,0.9327,1106.45,643.47,98576.2,947.71,488.22,1265.2,798.71,1,1105.5,644.0,949.0,492.0,1262.0,796.0,0.9653,22.19,47.29,59.03
88,2.932,AGREE,1,0.9283,1107.87,642.51,99208.9,948.53,486.85,1267.21,798.17,1,1106.5,643.0,950.0,491.0,1263.0,795.0,0.9591,16.88,47.04,59.13
89,2.966,AGREE,1,0.9263,1107.34,638.98,99691.9,948.04,482.54,1266.65,795.43,1,1107.5,641.0,951.0,489.0,1264.0,793.0,0.9545,17.94,42.06,59.32
90,2.999,AGREE,1,0.9312,1106.55,637.01,99553.4,946.63,481.38,1266.47,792.64,1,1105.5,639.0,949.0,487.0,1262.0,791.0,0.9558,19.37,46.74,59.41
91,3.032,AGREE,1,0.9348,1107.44,636.4,100662.1,946.5,480.04,1268.38,792.77,1,1107.5,638.0,954.0,489.0,1261.0,787.0,0.9088,22.93,51.92,59.45
92,3.066,AGREE,1,0.9353,1109.71,638.06,101846.0,948.07,480.54,1271.35,795.58,1,1108.5,639.0,952.0,487.0,1265.0,791.0,0.9343,17.19,54.52,59.26
93,3.099,AGREE,1,0.933,1111.95,639.87,102224.9,949.76,482.3,1274.13,797.45,1,1110.5,640.0,957.0,491.0,1264.0,789.0,0.8949,24.34,57.95,59.19
94,3.132,AGREE,1,0.9397,1115.19,640.11,101928.5,953.05,482.95,1277.33,797.27,1,1114.5,642.0,961.0,493.0,1268.0,791.0,0.8976,25.17,55.6,58.93
95,3.166,AGREE,1,0.9462,1117.11,640.35,102101.7,954.83,483.05,1279.38,797.65,1,1116.5,642.0,960.0,490.0,1273.0,794.0,0.9319,25.5,57.88,58.99
96,3.199,AGREE,1,0.9374,1115.97,637.02,101916.0,954.3,479.42,1277.63,794.62,1,1115.5,640.0,959.0,488.0,1272.0,792.0,0.9336,25.09,53.24,59.16
97,3.232,AGREE,1,0.9418,1111.86,631.4,100103.5,951.55,475.29,1272.17,787.51,1,1113.5,635.0,954.0,480.0,1273.0,790.0,0.9673,24.88,46.96,59.4
98,3.266,AGREE,1,0.9427,1108.8,625.89,98255.4,948.74,472.42,1268.85,779.36,1,1111.0,629.0,948.0,471.0,1274.0,787.0,0.9538,16.83,47.9,59.53
99,3.299,AGREE,1,0.947,1108.2,624.47,98351.9,947.78,471.2,1268.62,777.74,1,1110.0,626.0,947.0,468.0,1273.0,784.0,0.9547,24.26,51.69,59.52
100,3.332,AGREE,1,0.9456,1109.68,625.14,98305.6,949.71,471.5,1269.64,778.78,1,1109.5,627.0,950.0,472.0,1269.0,782.0,0.9852,24.73,48.37,59.33
101,3.366,AGREE,1,0.9432,1110.63,627.88,97894.8,951.59,473.99,1269.68,781.76,1,1112.5,629.0,956.0,477.0,1269.0,781.0,0.972,17.29,44.59,59.16
102,3.399,AGREE,1,0.9445,1110.57,628.2,97464.5,952.1,474.44,1269.04,781.96,1,1111.5,630.0,955.0,478.0,1268.0,782.0,0.976,23.52,44.14,59.16
103,3.432,AGREE,1,0.948,1112.25,628.38,96953.9,954.23,474.99,1270.27,781.77,1,1112.5,630.0,956.0,478.0,1269.0,782.0,0.9799,23.61,46.27,59.33
104,3.466,AGREE,1,0.9509,1112.76,625.63,97046.3,953.81,473.0,1271.71,778.27,1,1113.5,628.0,957.0,476.0,1270.0,780.0,0.9695,17.8,34.35,59.44
105,3.499,AGREE,1,0.9564,1113.72,623.78,96877.7,954.87,471.31,1272.57,776.25,1,1114.5,626.0,958.0,474.0,1271.0,778.0,0.971,18.27,41.74,58.57
106,3.532,AGREE,1,0.9555,1114.8,624.46,97689.3,955.88,470.78,1273.72,778.14,1,1115.5,626.0,959.0,474.0,1272.0,778.0,0.974,22.07,46.86,57.7
107,3.566,AGREE,1,0.9579,1116.23,625.45,98240.0,956.59,471.6,1275.87,779.29,1,1117.5,627.0,961.0,475.0,1274.0,779.0,0.9686,22.04,50.6,56.61
108,3.599,AGREE,1,0.958,1117.02,626.83,98755.0,956.83,472.71,1277.21,780.96,1,1119.5,627.0,966.0,478.0,1273.0,776.0,0.9264,17.63,54.65,55.41
109,3.632,AGREE,1,0.9598,1118.7,627.54,98243.8,959.1,473.65,1278.31,781.43,1,1119.5,628.0,966.0,479.0,1273.0,777.0,0.9312,18.74,54.92,54.64
110,3.666,AGREE,1,0.9597,1119.16,627.93,98732.1,959.22,473.61,1279.1,782.26,1,1121.5,628.0,971.0,482.0,1272.0,774.0,0.8902,17.87,56.2,54.57
111,3.699,AGREE,1,0.9563,1116.0,627.52,96765.9,959.25,473.19,1272.75,781.85,1,1122.5,627.0,972.0,481.0,1273.0,773.0,0.9069,17.83,57.09,54.92
112,3.732,AGREE,1,0.9418,1115.1,627.31,96037.9,959.0,473.5,1271.2,781.12,1,1121.5,628.0,974.0,485.0,1269.0,771.0,0.8785,21.37,54.5,55.19
113,3.766,AGREE,1,0.9102,1119.21,627.37,97924.3,959.62,473.96,1278.79,780.77,1,1120.5,628.0,970.0,482.0,1271.0,774.0,0.8976,18.07,58.11,55.4
114,3.799,AGREE,1,0.8084,1108.37,628.2,90730.6,960.4,474.9,1256.34,781.49,1,1118.5,627.0,971.0,484.0,1266.0,770.0,0.8729,17.14,60.45,55.87
115,3.832,AGREE,1,0.8566,1112.39,627.6,92403.8,962.31,473.67,1262.46,781.53,1,1118.5,623.5,974.0,483.0,1263.0,764.0,0.8758,21.98,63.37,56.77
116,3.866,AGREE,1,0.9038,1096.47,623.64,81464.3,962.07,472.12,1230.88,775.17,1,1116.0,619.0,977.0,484.0,1255.0,754.0,0.7792,17.74,63.11,57.65
117,3.899,AGREE,1,0.9289,1084.74,619.02,75541.0,960.13,467.48,1209.36,770.57,1,1110.0,615.0,971.0,480.0,1249.0,750.0,0.7462,20.58,61.47,58.35
118,3.932,AGREE,1,0.9455,1107.55,618.02,89195.0,959.22,467.69,1255.88,768.35,1,1111.0,612.5,975.0,480.0,1247.0,745.0,0.8081,17.54,63.14,59.05
119,3.966,AGREE,1,0.9369,1106.76,618.13,87738.0,961.58,467.04,1251.94,769.22,1,1112.5,611.5,979.0,482.0,1246.0,741.0,0.7882,17.25,67.21,59.77
120,3.999,AGREE,1,0.9148,1107.6,618.1,86371.2,965.02,466.65,1250.18,769.54,1,1116.0,611.0,985.0,484.0,1247.0,738.0,0.7705,19.24,74.66,60.58
121,4.032,AGREE,1,0.9356,1110.34,618.38,86133.5,968.12,466.97,1252.56,769.79,1,1119.0,610.0,988.0,483.0,1250.0,737.0,0.7726,18.33,75.73,61.22
122,4.065,AGREE,1,0.9393,1111.68,617.9,85578.8,970.3,466.57,1253.05,769.23,1,1122.5,610.5,994.0,486.0,1251.0,735.0,0.7478,23.43,79.21,61.78
123,4.099,AGREE,1,0.9455,1113.81,616.42,85634.8,971.99,465.47,1255.64,767.37,1,1123.5,609.5,995.0,485.0,1252.0,734.0,0.7473,18.67,79.63,62.43
124,4.132,AGREE,1,0.9368,1113.73,614.8,85249.4,971.87,464.57,1255.59,765.03,1,1125.5,608.5,997.0,484.0,1254.0,733.0,0.7507,22.26,78.1,62.95
125,4.165,AGREE,1,0.9304,1113.13,613.95,85106.6,971.46,463.77,1254.8,764.14,1,1126.0,608.0,995.0,481.0,1257.0,735.0,0.7703,18.33,79.45,63.47
126,4.199,AGREE,1,0.9218,1099.32,612.8,76389.6,971.72,463.13,1226.91,762.47,1,1127.0,607.5,991.0,475.0,1263.0,740.0,0.7273,16.85,76.25,63.94
127,4.232,AGREE,1,0.9323,1092.07,612.02,72041.6,971.94,462.09,1212.19,761.95,1,1125.0,607.0,986.0,472.0,1264.0,742.0,0.7099,18.31,82.28,64.32
128,4.265,AGREE,1,0.9335,1090.03,611.9,70911.7,971.51,462.33,1208.56,761.48,1,1124.5,607.5,983.0,470.0,1266.0,745.0,0.7154,17.31,81.88,64.74
129,4.299,AGREE,1,0.9252,1094.88,610.58,74263.9,971.7,459.85,1218.06,761.3,1,1124.5,608.5,980.0,468.0,1269.0,749.0,0.7552,19.81,83.64,65.31
130,4.332,AGREE,1,0.9306,1096.01,610.12,74800.9,971.95,459.39,1220.08,760.85,1,1125.5,608.5,981.0,468.0,1270.0,749.0,0.7563,23.01,78.96,65.74
131,4.365,AGREE,1,0.9349,1087.23,609.19,70290.4,970.92,458.1,1203.54,760.27,1,1124.5,608.5,980.0,468.0,1269.0,749.0,0.7083,17.64,79.74,66.15
132,4.399,AGREE,1,0.9264,1090.07,608.51,73953.7,967.39,457.81,1212.75,759.22,1,1122.5,607.5,978.0,467.0,1267.0,748.0,0.7395,23.51,79.23,66.47
133,4.432,AGREE,1,0.9192,1089.59,607.47,75224.0,965.53,455.88,1213.65,759.06,1,1121.5,606.5,977.0,466.0,1266.0,747.0,0.7394,23.51,80.08,66.81
134,4.465,AGREE,1,0.9264,1089.36,607.96,75394.7,964.72,456.73,1213.99,759.19,1,1120.5,606.5,976.0,466.0,1265.0,747.0,0.7453,24.46,82.76,67.11
135,4.499,AGREE,1,0.9243,1087.56,608.33,74195.5,964.73,457.33,1210.4,759.34,1,1119.5,606.5,975.0,466.0,1264.0,747.0,0.7411,24.31,84.96,67.41
136,4.532,AGREE,1,0.929,1086.91,609.05,73498.9,965.56,457.63,1208.26,760.47,1,1120.5,606.5,976.0,466.0,1265.0,747.0,0.7297,23.94,85.79,67.74
137,4.565,AGREE,1,0.9405,1092.56,610.55,73504.4,971.03,459.34,1214.08,761.76,1,1125.5,608.5,981.0,468.0,1270.0,749.0,0.7341,23.23,83.92,68.09
138,4.599,AGREE,1,0.9386,1096.92,613.82,75098.2,974.19,460.85,1219.65,766.79,1,1129.5,611.5,988.0,474.0,1271.0,749.0,0.714,22.0,87.05,68.43
139,4.632,AGREE,1,0.9377,1098.14,615.35,75204.9,976.39,460.92,1219.88,769.78,1,1132.5,614.5,991.0,477.0,1274.0,752.0,0.6987,23.55,88.01,68.63
140,4.665,AGREE,1,0.8935,1107.08,616.55,81512.3,977.68,459.08,1236.48,774.03,1,1135.0,622.0,996.0,487.0,1274.0,757.0,0.7085,22.52,86.98,68.69
141,4.699,AGREE,1,0.8747,1123.58,619.85,91740.9,979.23,460.95,1267.92,778.74,1,1141.0,624.5,1005.0,492.0,1277.0,757.0,0.7401,16.75,87.57,68.75
142,4.732,AGREE,1,0.8836,1125.29,620.38,92292.0,980.39,461.15,1270.19,779.61,1,1144.5,624.5,1011.0,495.0,1278.0,754.0,0.7118,21.99,88.15,68.73
143,4.765,AGREE,1,0.8924,1129.35,618.11,94826.3,982.47,456.72,1276.24,779.5,1,1150.5,624.5,1017.0,495.0,1284.0,754.0,0.6934,18.74,84.94,68.65
144,4.799,AGREE,1,0.8826,1133.51,614.43,99763.7,983.19,448.51,1283.83,780.34,1,1157.0,623.5,1021.0,491.0,1293.0,756.0,0.6816,20.84,82.56,68.62
145,4.832,AGREE,1,0.8795,1134.72,613.69,101330.2,984.3,445.28,1285.15,782.1,1,1162.0,621.5,1026.0,489.0,1298.0,754.0,0.6557,19.61,84.6,68.65
146,4.865,AGREE,1,0.8828,1141.39,619.39,108274.6,985.93,445.27,1296.85,793.51,1,1168.0,621.5,1032.0,489.0,1304.0,754.0,0.6371,14.61,86.61,68.6
147,4.899,AGREE,1,0.8971,1127.1,626.8,98711.8,989.16,447.9,1265.04,805.7,1,1176.0,629.5,1040.0,497.0,1312.0,762.0,0.5365,21.99,83.53,68.65
148,4.932,AGREE,1,0.8837,1138.64,639.32,106138.9,995.12,454.44,1282.15,824.21,1,1183.0,643.0,1044.0,508.0,1322.0,778.0,0.5501,18.0,81.95,68.6
149,4.965,AGREE,1,0.8951,1143.02,651.68,109065.5,998.47,463.05,1287.56,840.31,1,1192.0,651.5,1056.0,519.0,1328.0,784.0,0.5123,23.07,83.68,68.55
150,4.999,AGREE,1,0.9012,1155.66,664.04,118599.1,1002.48,470.48,1308.84,857.6,1,1204.0,666.0,1065.0,531.0,1343.0,801.0,0.5151,24.38,83.2,68.4
151,5.032,AGREE,1,0.9011,1157.09,676.29,118726.7,1006.38,479.33,1307.79,873.24,1,1207.5,677.5,1066.0,540.0,1349.0,815.0,0.5112,18.73,81.97,68.43
152,5.065,AGREE,1,0.8932,1169.83,693.95,129374.6,1009.68,491.99,1329.97,895.91,1,1221.5,692.0,1074.0,549.0,1369.0,835.0,0.5209,18.46,81.2,68.46
153,5.099,AGREE,1,0.9225,1189.62,709.37,141133.0,1016.54,505.51,1362.69,913.23,1,1230.5,710.0,1080.0,564.0,1381.0,856.0,0.5635,21.28,82.61,68.63
154,5.132,AGREE,1,0.9301,1207.49,724.6,155016.2,1021.21,516.56,1393.77,932.64,1,1238.5,729.0,1091.0,586.0,1386.0,872.0,0.5443,16.54,80.63,68.77
155,5.165,AGREE,1,0.9215,1214.33,738.31,160711.7,1022.55,528.81,1406.11,947.82,1,1248.5,749.0,1101.0,606.0,1396.0,892.0,0.525,23.39,81.14,68.94
156,5.199,AGREE,1,0.914,1214.15,758.2,160663.3,1026.77,543.85,1401.53,972.56,1,1255.5,769.0,1108.0,626.0,1403.0,912.0,0.5212,23.54,83.56,69.09
157,5.232,AGREE,1,0.9007,1207.65,776.74,153396.5,1031.08,559.55,1384.22,993.93,1,1259.5,789.0,1112.0,646.0,1407.0,932.0,0.4869,23.62,85.26,69.2
158,5.265,AGREE,1,0.8825,1209.38,797.77,156910.6,1032.05,576.56,1386.72,1018.98,1,1270.5,816.0,1120.0,670.0,1421.0,962.0,0.4666,20.47,80.16,69.26
159,5.298,AGREE,1,0.8857,1219.88,821.37,164629.3,1037.62,595.55,1402.14,1047.19,1,1266.5,847.0,1116.0,701.0,1417.0,993.0,0.4945,22.57,83.47,69.3
160,5.332,AGREE,1,0.8623,1252.2,839.86,191995.5,1041.16,612.43,1463.25,1067.29,1,1279.5,875.0,1129.0,729.0,1430.0,1021.0,0.4578,21.59,81.23,69.4
161,5.365,AGREE,1,0.7703,1229.51,851.39,164097.8,1045.6,628.32,1413.42,1074.45,1,1287.5,905.0,1134.0,756.0,1441.0,1054.0,0.4832,17.49,80.99,69.49
162,5.398,AGREE,1,0.758,1240.56,859.34,162897.4,1049.88,645.76,1431.24,1072.92,1,1303.5,930.0,1147.0,778.0,1460.0,1082.0,0.4812,14.6,81.51,69.56
163,5.432,AGREE,1,0.6255,1251.58,868.36,162199.7,1055.58,661.47,1447.58,1075.25,1,1310.5,955.0,1154.0,803.0,1467.0,1107.0,0.4505,19.04,71.94,69.65
164,5.465,AGREE,1,0.6428,1261.9,876.25,158391.8,1062.59,677.58,1461.21,1074.93,1,1321.5,980.0,1165.0,828.0,1478.0,1132.0,0.4054,21.27,72.37,69.73
165,5.498,AGREE,1,0.5814,1269.78,886.13,154460.8,1067.11,695.6,1472.46,1076.66,1,1329.5,1005.0,1173.0,853.0,1486.0,1157.0,0.3667,19.59,75.25,69.74
166,5.532,AGREE,1,0.5921,1268.44,891.18,147447.7,1069.2,706.16,1467.67,1076.2,1,1339.5,1027.0,1180.0,872.0,1499.0,1182.0,0.3131,21.65,77.24,69.87
167,5.565,DISAGREE,1,0.416,1272.76,896.06,143870.0,1072.96,716.04,1472.56,1076.08,1,1344.0,1044.0,1181.0,886.0,1507.0,1202.0,0.2894,17.76,86.19,69.95
168,5.598,DISAGREE,1,0.359,1276.19,899.29,142042.7,1074.24,723.45,1478.14,1075.13,1,1351.0,1055.0,1188.0,897.0,1514.0,1213.0,0.2673,17.74,86.62,70.06
169,5.632,DISAGREE,1,0.3837,1278.38,901.41,140345.9,1074.97,728.93,1481.8,1073.9,1,1355.0,1065.0,1192.0,907.0,1518.0,1223.0,0.248,21.87,88.39,70.23
170,5.665,DISAGREE,1,0.3791,1294.21,901.99,150154.9,1072.44,732.73,1515.99,1071.26,1,1358.0,1074.0,1195.0,916.0,1521.0,1232.0,0.2451,16.46,86.67,70.3
171,5.698,DISAGREE,1,0.2579,1290.01,906.88,142618.3,1075.95,740.31,1504.08,1073.44,1,1362.0,1079.0,1199.0,921.0,1525.0,1237.0,0.2335,23.66,86.34,70.42
172,5.732,DISAGREE,1,0.2513,1286.71,908.53,137710.6,1077.95,743.62,1495.47,1073.45,1,1364.0,1079.0,1201.0,921.0,1527.0,1237.0,0.2292,23.66,87.65,70.51
173,5.765,TRK_ONLY,0,0.0,,,,,,,,1,1369.0,1079.5,1203.0,918.0,1535.0,1241.0,0.0,23.58,89.61,70.58
174,5.798,TRK_ONLY,0,0.0,,,,,,,,1,1371.0,1079.5,1205.0,918.0,1537.0,1241.0,0.0,20.31,91.38,70.64
175,5.832,TRK_ONLY,0,0.0,,,,,,,,1,1374.0,1079.5,1208.0,918.0,1540.0,1241.0,0.0,16.99,90.16,70.69
176,5.865,TRK_ONLY,0,0.0,,,,,,,,1,1376.0,1079.5,1210.0,918.0,1542.0,1241.0,0.0,17.56,92.6,70.78
177,5.898,TRK_ONLY,0,0.0,,,,,,,,1,1375.0,1079.5,1209.0,918.0,1541.0,1241.0,0.0,17.37,94.52,70.79
178,5.932,TRK_ONLY,0,0.0,,,,,,,,1,1377.0,1079.5,1211.0,918.0,1543.0,1241.0,0.0,17.97,97.03,70.81
179,5.965,TRK_ONLY,0,0.0,,,,,,,,1,1381.0,1079.5,1215.0,918.0,1547.0,1241.0,0.0,21.91,96.24,70.79
180,5.998,TRK_ONLY,0,0.0,,,,,,,,1,1383.0,1079.0,1220.0,921.0,1546.0,1237.0,0.0,19.15,93.26,70.72
181,6.032,TRK_ONLY,0,0.0,,,,,,,,1,1386.5,1079.0,1227.0,924.0,1546.0,1234.0,0.0,16.24,91.78,70.83
182,6.065,TRK_ONLY,0,0.0,,,,,,,,1,1389.5,1079.0,1230.0,924.0,1549.0,1234.0,0.0,17.3,88.56,70.91
183,6.098,TRK_ONLY,0,0.0,,,,,,,,1,1389.5,1079.0,1230.0,924.0,1549.0,1234.0,0.0,21.84,88.04,71.02
184,6.132,TRK_ONLY,0,0.0,,,,,,,,1,1397.5,1079.0,1238.0,924.0,1557.0,1234.0,0.0,16.44,88.47,71.08
185,6.165,TRK_ONLY,0,0.0,,,,,,,,1,1399.5,1079.0,1240.0,924.0,1559.0,1234.0,0.0,26.59,88.99,71.21
186,6.198,TRK_ONLY,0,0.0,,,,,,,,1,1399.5,1079.0,1240.0,924.0,1559.0,1234.0,0.0,16.54,92.01,71.3
187,6.232,TRK_ONLY,0,0.0,,,,,,,,1,1402.5,1079.0,1246.0,927.0,1559.0,1231.0,0.0,22.78,88.97,71.37
188,6.265,TRK_ONLY,0,0.0,,,,,,,,1,1402.5,1079.0,1246.0,927.0,1559.0,1231.0,0.0,22.71,90.41,71.42
189,6.298,TRK_ONLY,0,0.0,,,,,,,,1,1403.5,1079.0,1247.0,927.0,1560.0,1231.0,0.0,18.67,90.87,71.48
190,6.332,TRK_ONLY,0,0.0,,,,,,,,1,1400.5,1079.0,1247.0,930.0,1554.0,1228.0,0.0,16.98,93.22,71.52
191,6.365,TRK_ONLY,0,0.0,,,,,,,,1,1394.5,1079.0,1241.0,930.0,1548.0,1228.0,0.0,18.04,94.33,71.63
192,6.398,TRK_ONLY,0,0.0,,,,,,,,1,1402.5,1079.0,1252.0,933.0,1553.0,1225.0,0.0,22.03,92.21,71.7
193,6.431,TRK_ONLY,0,0.0,,,,,,,,1,1402.5,1079.0,1255.0,936.0,1550.0,1222.0,0.0,21.88,91.14,71.69
194,6.465,TRK_ONLY,0,0.0,,,,,,,,1,1407.5,1079.0,1260.0,936.0,1555.0,1222.0,0.0,18.31,91.75,71.7
195,6.498,TRK_ONLY,0,0.0,,,,,,,,1,1407.5,1079.0,1260.0,936.0,1555.0,1222.0,0.0,19.76,88.06,71.68
196,6.531,TRK_ONLY,0,0.0,,,,,,,,1,1408.5,1079.0,1261.0,936.0,1556.0,1222.0,0.0,22.84,88.13,71.69
197,6.565,TRK_ONLY,0,0.0,,,,,,,,1,1409.5,1079.0,1262.0,936.0,1557.0,1222.0,0.0,22.73,85.44,71.57
198,6.598,TRK_ONLY,0,0.0,,,,,,,,1,1409.5,1079.0,1262.0,936.0,1557.0,1222.0,0.0,18.44,89.58,71.59
199,6.631,TRK_ONLY,0,0.0,,,,,,,,1,1413.5,1079.0,1266.0,936.0,1561.0,1222.0,0.0,22.93,88.71,71.64
200,6.665,TRK_ONLY,0,0.0,,,,,,,,1,1413.5,1078.0,1266.0,935.0,1561.0,1221.0,0.0,23.35,91.58,71.57
201,6.698,TRK_ONLY,0,0.0,,,,,,,,1,1413.5,1078.0,1266.0,935.0,1561.0,1221.0,0.0,21.28,94.49,71.5
202,6.731,TRK_ONLY,0,0.0,,,,,,,,1,1415.5,1079.0,1268.0,936.0,1563.0,1222.0,0.0,23.63,92.31,71.49
203,6.765,TRK_ONLY,0,0.0,,,,,,,,1,1414.5,1078.0,1267.0,935.0,1562.0,1221.0,0.0,19.15,92.54,71.48
204,6.798,TRK_ONLY,0,0.0,,,,,,,,1,1413.5,1077.0,1263.0,931.0,1564.0,1223.0,0.0,17.83,89.1,71.53
205,6.831,TRK_ONLY,0,0.0,,,,,,,,1,1409.5,1074.0,1259.0,928.0,1560.0,1220.0,0.0,18.02,89.83,71.6
206,6.865,TRK_ONLY,0,0.0,,,,,,,,1,1407.5,1074.0,1257.0,928.0,1558.0,1220.0,0.0,22.1,91.22,71.74
207,6.898,TRK_ONLY,0,0.0,,,,,,,,1,1404.5,1071.0,1254.0,925.0,1555.0,1217.0,0.0,22.93,89.73,71.86
208,6.931,TRK_ONLY,0,0.0,,,,,,,,1,1402.5,1068.0,1249.0,919.0,1556.0,1217.0,0.0,18.22,90.82,72.01
209,6.965,TRK_ONLY,0,0.0,,,,,,,,1,1402.5,1066.0,1249.0,917.0,1556.0,1215.0,0.0,21.81,89.75,72.11
210,6.998,TRK_ONLY,0,0.0,,,,,,,,1,1402.5,1065.0,1249.0,916.0,1556.0,1214.0,0.0,21.8,86.82,72.05
211,7.031,TRK_ONLY,0,0.0,,,,,,,,1,1403.5,1062.0,1250.0,913.0,1557.0,1211.0,0.0,21.34,88.08,72.08
212,7.065,TRK_ONLY,0,0.0,,,,,,,,1,1403.5,1059.0,1250.0,910.0,1557.0,1208.0,0.0,17.36,86.11,72.15
213,7.098,TRK_ONLY,0,0.0,,,,,,,,1,1409.5,1058.0,1256.0,909.0,1563.0,1207.0,0.0,17.25,89.75,72.21
214,7.131,TRK_ONLY,0,0.0,,,,,,,,1,1429.5,1045.0,1276.0,896.0,1583.0,1194.0,0.0,17.63,88.35,72.18
215,7.165,DISAGREE,1,0.2713,1351.07,904.64,139560.2,1144.54,735.7,1557.59,1073.58,1,1436.5,1039.0,1283.0,890.0,1590.0,1188.0,0.2791,21.7,88.77,72.14
216,7.198,TRK_ONLY,0,0.0,,,,,,,,1,1458.5,1019.0,1305.0,870.0,1612.0,1168.0,0.0,21.93,87.09,72.08
217,7.231,AGREE,1,0.449,1378.48,893.23,145613.8,1179.18,710.57,1577.77,1075.9,1,1468.5,1004.0,1312.0,852.0,1625.0,1156.0,0.3283,20.53,88.88,71.98
218,7.265,AGREE,1,0.5808,1394.19,883.95,149617.3,1197.36,693.91,1591.01,1073.99,1,1479.5,982.0,1320.0,827.0,1639.0,1137.0,0.3686,17.22,87.87,71.74
219,7.298,AGREE,1,0.7422,1403.62,874.76,156645.5,1207.86,674.7,1599.37,1074.82,1,1486.0,959.0,1323.0,801.0,1649.0,1117.0,0.4113,23.48,85.66,71.7
220,7.331,AGREE,1,0.7679,1413.27,863.75,162744.6,1219.68,653.58,1606.85,1073.92,1,1494.0,938.0,1331.0,780.0,1657.0,1096.0,0.439,18.0,84.98,71.7
221,7.365,AGREE,1,0.8551,1424.24,854.07,168618.7,1230.64,636.34,1617.85,1071.8,1,1502.0,914.0,1339.0,756.0,1665.0,1072.0,0.4797,21.98,83.81,71.73
222,7.398,AGREE,1,0.8794,1433.01,839.69,168755.4,1240.61,620.42,1625.41,1058.97,1,1509.0,894.0,1346.0,736.0,1672.0,1052.0,0.4812,16.82,85.53,71.91
223,7.431,AGREE,1,0.8873,1440.22,825.24,168089.4,1247.33,607.38,1633.11,1043.1,1,1519.0,877.0,1356.0,719.0,1682.0,1035.0,0.4771,25.53,85.74,72.12
224,7.465,AGREE,1,0.8942,1494.25,808.43,199345.3,1260.86,594.9,1727.63,1021.97,1,1524.0,862.0,1361.0,704.0,1687.0,1020.0,0.5168,20.8,85.46,72.24
225,7.498,AGREE,1,0.9206,1494.48,799.92,194017.1,1269.19,584.63,1719.78,1015.21,1,1536.5,851.0,1377.0,696.0,1696.0,1006.0,0.5097,18.33,85.01,72.35
226,7.531,AGREE,1,0.9413,1505.78,791.22,198402.5,1274.62,576.65,1736.94,1005.79,1,1539.5,840.0,1380.0,685.0,1699.0,995.0,0.4984,17.73,89.36,72.41
227,7.564,AGREE,1,0.9402,1508.45,783.82,194802.5,1279.94,570.71,1736.97,996.94,1,1543.5,833.0,1384.0,678.0,1703.0,988.0,0.5076,23.56,89.93,72.5
228,7.598,AGREE,1,0.9285,1510.61,781.46,193479.9,1282.08,569.8,1739.13,993.12,1,1544.5,828.0,1385.0,673.0,1704.0,983.0,0.5111,23.88,89.86,72.46
229,7.631,AGREE,1,0.9392,1515.07,778.83,196821.2,1284.38,565.54,1745.76,992.12,1,1546.5,825.0,1387.0,670.0,1706.0,980.0,0.5024,18.23,89.02,72.43
230,7.664,AGREE,1,0.9418,1517.32,776.96,195665.2,1287.19,564.4,1747.44,989.53,1,1547.5,823.0,1388.0,668.0,1707.0,978.0,0.5054,21.92,86.88,72.4
231,7.698,AGREE,1,0.9319,1517.99,776.23,195484.7,1287.7,564.02,1748.29,988.44,1,1546.5,820.0,1387.0,665.0,1706.0,975.0,0.5059,16.48,83.96,72.35
232,7.731,AGREE,1,0.9423,1517.93,775.56,193345.2,1289.13,564.3,1746.74,986.81,1,1544.5,819.0,1385.0,664.0,1704.0,974.0,0.5115,23.0,84.4,72.32
233,7.764,AGREE,1,0.9453,1517.15,774.67,192918.6,1288.35,563.88,1745.96,985.46,1,1543.5,818.0,1384.0,663.0,1703.0,973.0,0.5126,22.89,83.62,72.41
234,7.798,AGREE,1,0.9091,1514.26,775.31,189016.7,1288.27,566.21,1740.25,984.41,1,1540.5,816.0,1381.0,661.0,1700.0,971.0,0.5232,16.89,82.77,72.35
235,7.831,AGREE,1,0.9041,1513.41,775.56,188391.3,1285.4,569.0,1741.42,982.12,1,1541.5,815.0,1382.0,660.0,1701.0,970.0,0.5249,17.76,82.9,72.38
236,7.864,AGREE,1,0.906,1512.47,774.79,188427.8,1287.43,565.46,1737.51,984.12,1,1540.5,814.0,1381.0,659.0,1700.0,969.0,0.5248,17.26,86.36,72.57
237,7.898,AGREE,1,0.9206,1513.46,774.3,188298.6,1288.23,565.3,1738.69,983.31,1,1540.5,813.0,1381.0,658.0,1700.0,968.0,0.5252,22.73,87.97,72.57
238,7.931,AGREE,1,0.9337,1515.89,773.1,188852.2,1286.44,567.33,1745.34,978.87,1,1541.5,812.0,1382.0,657.0,1701.0,967.0,0.5236,17.54,89.41,72.56
239,7.964,AGREE,1,0.9287,1514.36,773.01,187263.8,1286.53,567.53,1742.19,978.5,1,1542.0,810.0,1379.0,652.0,1705.0,968.0,0.5501,21.99,91.42,72.55
240,7.998,AGREE,1,0.9235,1513.1,772.58,184675.1,1287.58,567.85,1738.62,977.3,1,1539.0,807.0,1376.0,649.0,1702.0,965.0,0.5578,22.03,91.5,72.34
241,8.031,AGREE,1,0.9324,1515.53,771.28,186240.8,1287.75,566.88,1743.32,975.68,1,1539.0,806.5,1373.0,645.0,1705.0,968.0,0.5758,17.0,87.88,72.49
242,8.064,AGREE,1,0.9371,1517.1,769.92,187281.7,1287.94,565.6,1746.25,974.24,1,1539.5,806.5,1370.0,642.0,1709.0,971.0,0.5955,22.82,90.93,72.57
243,8.098,AGREE,1,0.9367,1517.06,769.02,187027.4,1288.13,564.77,1745.98,973.26,1,1539.0,806.0,1366.0,638.0,1712.0,974.0,0.6194,23.78,89.55,72.66
244,8.131,AGREE,1,0.9332,1517.47,767.76,186701.1,1288.15,564.23,1746.8,971.3,1,1540.0,806.0,1367.0,638.0,1713.0,974.0,0.6146,23.85,88.38,72.67
245,8.164,AGREE,1,0.9318,1517.4,767.3,185073.9,1289.22,564.53,1745.58,970.07,1,1541.0,805.0,1368.0,637.0,1714.0,973.0,0.6193,23.52,87.74,72.79
246,8.198,AGREE,1,0.9349,1518.67,766.68,187125.1,1288.26,563.64,1749.08,969.72,1,1541.0,805.0,1368.0,637.0,1714.0,973.0,0.6115,24.38,86.66,72.85
247,8.231,AGREE,1,0.9317,1519.35,765.41,186702.7,1288.83,562.92,1749.86,967.9,1,1539.0,804.0,1366.0,636.0,1712.0,972.0,0.6104,19.06,86.99,72.89
248,8.264,AGREE,1,0.932,1519.32,763.79,187491.3,1287.79,561.33,1750.84,966.24,1,1537.0,801.0,1364.0,633.0,1710.0,969.0,0.6118,22.78,89.46,72.91
249,8.298,AGREE,1,0.9139,1517.79,762.45,187440.8,1286.47,559.87,1749.11,965.02,1,1537.0,800.0,1364.0,632.0,1710.0,968.0,0.6114,23.53,86.87,72.91
250,8.331,AGREE,1,0.9082,1516.72,762.23,186276.9,1286.59,559.88,1746.85,964.59,1,1537.0,798.0,1364.0,630.0,1710.0,966.0,0.6199,23.81,85.41,72.91
251,8.364,AGREE,1,0.9022,1514.92,762.24,184601.1,1286.69,560.03,1743.15,964.45,1,1538.0,797.0,1365.0,629.0,1711.0,965.0,0.6281,28.97,84.59,72.94
252,8.398,AGREE,1,0.9416,1513.28,761.46,182970.4,1286.82,559.47,1739.74,963.45,1,1540.5,794.5,1371.0,630.0,1710.0,959.0,0.6096,18.88,86.57,72.97
253,8.431,AGREE,1,0.9435,1512.4,760.47,182447.7,1286.2,558.83,1738.61,962.12,1,1541.0,791.5,1375.0,630.0,1707.0,953.0,0.5878,23.76,90.35,73.04
254,8.464,AGREE,1,0.9416,1511.51,760.05,181800.5,1286.41,558.14,1736.62,961.96,1,1545.5,789.0,1386.0,634.0,1705.0,944.0,0.5439,22.15,84.68,73.15
255,8.498,AGREE,1,0.9482,1511.81,759.09,182774.3,1286.5,556.29,1737.13,961.88,1,1547.5,786.0,1394.0,637.0,1701.0,935.0,0.5005,23.59,88.96,73.26
256,8.531,AGREE,1,0.9384,1512.15,758.37,182998.9,1286.33,555.78,1737.98,960.96,1,1548.5,784.0,1395.0,635.0,1702.0,933.0,0.4999,24.44,89.09,73.37
257,8.564,AGREE,1,0.935,1512.59,757.48,182721.0,1286.35,555.58,1738.84,959.39,1,1550.5,783.0,1400.0,637.0,1701.0,929.0,0.481,24.68,88.52,73.49
258,8.598,AGREE,1,0.9475,1512.68,757.21,182328.0,1286.21,555.93,1739.14,958.49,1,1549.5,781.0,1402.0,638.0,1697.0,924.0,0.4627,27.92,91.43,73.64
259,8.631,AGREE,1,0.9529,1513.1,756.39,182266.9,1286.2,555.56,1739.99,957.22,1,1550.5,780.5,1406.0,640.0,1695.0,921.0,0.4455,25.12,89.83,73.8
260,8.664,AGREE,1,0.9549,1512.04,756.02,181226.2,1286.8,554.88,1737.28,957.17,1,1549.5,779.5,1405.0,639.0,1694.0,920.0,0.4481,18.6,90.25,73.92
261,8.697,AGREE,1,0.9511,1508.56,755.43,178329.1,1286.67,554.51,1730.46,956.35,1,1551.5,779.5,1410.0,642.0,1693.0,917.0,0.4364,22.93,87.17,74.05
262,8.731,AGREE,1,0.9471,1508.98,754.6,178421.1,1286.33,554.26,1731.63,954.94,1,1549.5,778.5,1405.0,638.0,1694.0,919.0,0.4552,18.49,91.04,74.16
263,8.764,AGREE,1,0.9477,1509.21,754.41,178553.7,1286.45,554.02,1731.97,954.79,1,1549.5,778.5,1405.0,638.0,1694.0,919.0,0.4548,18.83,85.32,74.21
264,8.797,AGREE,1,0.9551,1511.28,753.85,180416.2,1286.46,553.23,1736.1,954.47,1,1549.5,777.5,1405.0,637.0,1694.0,918.0,0.4501,16.38,87.13,74.29
265,8.831,AGREE,1,0.9526,1511.5,753.57,180305.2,1286.68,553.07,1736.32,954.07,1,1549.5,778.5,1405.0,638.0,1694.0,919.0,0.4504,18.52,88.72,74.32
266,8.864,AGREE,1,0.9498,1510.41,753.08,179832.7,1286.31,552.47,1734.51,953.7,1,1548.5,777.5,1404.0,637.0,1693.0,918.0,0.4516,20.07,90.93,74.29
267,8.897,AGREE,1,0.9524,1507.88,752.8,178174.4,1285.68,552.34,1730.09,953.26,1,1548.5,777.5,1404.0,637.0,1693.0,918.0,0.4558,23.03,86.89,74.23
268,8.931,AGREE,1,0.9522,1508.57,752.86,179571.4,1285.11,551.96,1732.03,953.76,1,1548.5,776.5,1404.0,636.0,1693.0,917.0,0.4522,24.43,85.06,74.25
269,8.964,AGREE,1,0.9503,1508.22,752.38,179662.9,1284.7,551.44,1731.73,953.33,1,1547.5,775.5,1403.0,635.0,1692.0,916.0,0.452,21.58,85.16,74.24
270,8.997,AGREE,1,0.9476,1507.73,751.5,179474.2,1284.33,550.65,1731.12,952.36,1,1546.5,774.5,1402.0,634.0,1691.0,915.0,0.4525,20.11,88.82,74.04
271,9.031,AGREE,1,0.9495,1507.8,750.81,179292.7,1284.54,550.04,1731.07,951.57,1,1546.5,774.5,1402.0,634.0,1691.0,915.0,0.4529,18.01,84.74,74.07
272,9.064,AGREE,1,0.95,1507.42,750.83,179457.3,1284.02,550.0,1730.81,951.66,1,1545.5,773.5,1401.0,633.0,1690.0,914.0,0.4525,20.16,80.58,73.97
273,9.097,AGREE,1,0.9514,1507.68,750.94,179928.3,1283.84,549.98,1731.52,951.9,1,1546.5,774.5,1402.0,634.0,1691.0,915.0,0.4513,21.73,82.23,73.94
274,9.131,AGREE,1,0.9499,1508.26,751.11,179734.0,1284.23,550.55,1732.29,951.68,1,1547.5,774.5,1403.0,634.0,1692.0,915.0,0.4518,23.06,84.92,73.87
275,9.164,AGREE,1,0.9538,1509.06,752.06,179315.0,1285.23,551.78,1732.89,952.34,1,1548.5,775.5,1404.0,635.0,1693.0,916.0,0.4529,24.13,84.84,73.77
276,9.197,AGREE,1,0.9585,1509.4,753.51,178897.4,1285.62,553.65,1733.18,953.38,1,1549.5,777.5,1405.0,637.0,1694.0,918.0,0.4539,18.01,82.84,73.73
277,9.231,AGREE,1,0.9598,1509.64,754.37,179027.7,1286.08,554.16,1733.19,954.58,1,1549.5,778.5,1405.0,638.0,1694.0,919.0,0.4536,16.82,82.53,73.72
278,9.264,AGREE,1,0.9579,1508.29,753.63,178197.0,1285.29,553.86,1731.29,953.4,1,1548.5,777.5,1404.0,637.0,1693.0,918.0,0.4557,17.57,79.89,73.71
279,9.297,AGREE,1,0.9548,1507.52,752.65,176827.5,1285.57,553.48,1729.48,951.82,1,1548.5,777.5,1404.0,637.0,1693.0,918.0,0.4593,22.89,78.67,73.71
280,9.331,AGREE,1,0.9514,1506.3,752.43,176071.9,1285.32,553.25,1727.29,951.62,1,1547.5,776.5,1403.0,636.0,1692.0,917.0,0.4612,23.59,79.4,73.69
281,9.364,AGREE,1,0.9409,1505.14,752.97,174966.0,1285.95,553.41,1724.33,952.52,1,1547.5,777.5,1403.0,637.0,1692.0,918.0,0.4641,20.72,79.13,73.59
282,9.397,AGREE,1,0.942,1505.65,753.61,174579.3,1286.98,554.01,1724.31,953.21,1,1548.5,778.5,1404.0,638.0,1693.0,919.0,0.4652,24.09,80.46,73.49
283,9.431,AGREE,1,0.9408,1506.26,753.9,175344.7,1286.47,554.45,1726.04,953.35,1,1546.5,778.5,1405.0,641.0,1688.0,916.0,0.4438,23.55,81.53,73.44
284,9.464,AGREE,1,0.9429,1500.89,753.09,170548.6,1286.76,553.98,1715.03,952.2,1,1546.5,778.5,1402.0,638.0,1691.0,919.0,0.4762,21.35,80.13,73.42
285,9.497,AGREE,1,0.9409,1502.66,752.48,172392.3,1286.43,553.16,1718.89,951.79,1,1545.5,777.5,1401.0,637.0,1690.0,918.0,0.4711,20.61,79.08,73.42
286,9.531,AGREE,1,0.9422,1502.79,752.06,172485.9,1286.29,552.88,1719.28,951.24,1,1544.5,777.0,1397.0,634.0,1692.0,920.0,0.4891,21.16,83.46,73.43
287,9.564,AGREE,1,0.9362,1502.75,751.66,172783.5,1286.33,552.07,1719.17,951.26,1,1545.5,778.0,1395.0,632.0,1696.0,924.0,0.5087,17.57,79.13,73.4
288,9.597,AGREE,1,0.9384,1506.18,751.63,175291.6,1286.42,552.22,1725.94,951.04,1,1545.5,777.0,1395.0,631.0,1696.0,923.0,0.5014,23.55,80.77,73.32
289,9.631,AGREE,1,0.9386,1505.98,751.85,175391.2,1286.0,552.52,1725.96,951.18,1,1544.5,776.0,1397.0,633.0,1692.0,919.0,0.481,21.01,82.56,73.26
290,9.664,AGREE,1,0.9398,1505.6,750.87,175272.3,1285.96,551.37,1725.24,950.37,1,1544.5,776.0,1394.0,630.0,1695.0,922.0,0.5015,23.51,83.87,73.32
291,9.697,AGREE,1,0.9396,1505.94,750.15,176223.5,1285.4,550.39,1726.49,949.91,1,1544.5,775.0,1394.0,629.0,1695.0,921.0,0.4988,23.4,85.68,73.36
292,9.731,AGREE,1,0.9441,1507.1,749.94,177158.8,1285.26,550.3,1728.94,949.59,1,1544.5,775.0,1394.0,629.0,1695.0,921.0,0.4961,16.68,87.48,73.33
293,9.764,AGREE,1,0.9434,1503.94,749.92,174633.7,1285.33,550.21,1722.55,949.63,1,1544.5,774.0,1397.0,631.0,1692.0,917.0,0.4831,17.15,86.09,73.34
294,9.797,AGREE,1,0.9356,1505.81,750.5,175380.0,1285.9,551.13,1725.72,949.88,1,1546.5,776.0,1396.0,630.0,1697.0,922.0,0.5012,21.74,86.19,73.4
295,9.83,AGREE,1,0.9299,1528.62,750.52,193266.5,1286.47,550.98,1770.77,950.05,1,1548.5,775.0,1401.0,632.0,1696.0,918.0,0.4365,21.65,83.31,73.58
296,9.864,AGREE,1,0.9468,1510.58,750.26,178616.2,1287.12,550.43,1734.05,950.09,1,1550.5,775.0,1403.0,632.0,1698.0,918.0,0.4724,17.5,83.39,73.88
297,9.897,AGREE,1,0.9509,1512.52,751.14,179948.6,1287.53,551.19,1737.51,951.09,1,1553.5,777.0,1403.0,631.0,1704.0,923.0,0.4884,23.48,83.91,74.32
298,9.93,AGREE,1,0.9514,1512.23,751.66,179249.9,1287.8,551.99,1736.66,951.33,1,1552.5,776.5,1408.0,636.0,1697.0,917.0,0.453,21.6,83.87,74.97
299,9.964,AGREE,1,0.9574,1512.72,753.0,179351.8,1288.47,553.06,1736.96,952.95,1,1554.5,777.5,1410.0,637.0,1699.0,918.0,0.4528,23.59,82.47,75.53
300,9.997,AGREE,1,0.9541,1513.93,754.44,179805.9,1289.29,554.34,1738.57,954.54,1,1554.5,777.5,1413.0,640.0,1696.0,915.0,0.4328,23.81,80.94,75.83
301,10.03,AGREE,1,0.9514,1513.74,754.66,180346.2,1288.87,554.16,1738.61,955.16,1,1555.5,778.5,1414.0,641.0,1697.0,916.0,0.4315,24.17,80.52,76.05
302,10.064,AGREE,1,0.9517,1511.03,754.59,179517.8,1287.06,554.21,1735.01,954.97,1,1553.5,778.5,1412.0,641.0,1695.0,916.0,0.4335,23.49,81.08,75.95
303,10.097,AGREE,1,0.9507,1508.09,753.36,177583.9,1285.74,553.7,1730.45,953.03,1,1551.5,777.5,1410.0,640.0,1693.0,915.0,0.4382,19.47,80.82,75.8
304,10.13,AGREE,1,0.9533,1508.38,752.21,177744.1,1285.76,552.6,1731.0,951.82,1,1550.5,775.5,1409.0,638.0,1692.0,913.0,0.4378,18.05,79.63,75.72
305,10.164,AGREE,1,0.9511,1507.85,751.86,177920.5,1285.37,551.93,1730.33,951.8,1,1550.0,775.0,1411.0,640.0,1689.0,910.0,0.4219,21.26,76.88,75.56
306,10.197,AGREE,1,0.9501,1507.38,752.08,177385.3,1285.11,552.57,1729.65,951.6,1,1550.0,775.0,1411.0,640.0,1689.0,910.0,0.4231,24.58,81.42,75.4
307,10.23,AGREE,1,0.9532,1507.04,752.13,176832.2,1285.29,552.77,1728.8,951.48,1,1549.0,774.0,1410.0,639.0,1688.0,909.0,0.4245,17.43,81.07,75.3
308,10.264,AGREE,1,0.9528,1507.6,752.19,176452.5,1285.91,553.21,1729.3,951.17,1,1549.0,775.0,1410.0,640.0,1688.0,910.0,0.4254,17.07,82.87,75.26
309,10.297,AGREE,1,0.9552,1508.35,751.43,176163.1,1286.79,552.66,1729.91,950.21,1,1549.0,775.0,1410.0,640.0,1688.0,910.0,0.4261,22.1,82.55,75.29
310,10.33,AGREE,1,0.9537,1508.04,749.94,176635.8,1286.12,550.96,1729.96,948.93,1,1550.0,774.0,1411.0,639.0,1689.0,909.0,0.4249,24.57,80.45,75.4
311,10.364,AGREE,1,0.9512,1508.44,748.69,176544.1,1286.98,549.4,1729.89,947.99,1,1549.5,772.5,1408.0,635.0,1691.0,910.0,0.4408,19.33,75.72,75.42
312,10.397,AGREE,1,0.9503,1508.92,746.95,176691.2,1287.09,547.82,1730.76,946.08,1,1550.5,770.5,1409.0,633.0,1692.0,908.0,0.4405,23.67,76.55,75.49
313,10.43,AGREE,1,0.9537,1509.57,746.48,176875.1,1287.95,546.96,1731.2,946.0,1,1550.5,769.5,1406.0,629.0,1695.0,910.0,0.4591,23.94,75.06,75.4
314,10.464,AGREE,1,0.9542,1509.46,745.84,176114.0,1288.3,546.76,1730.63,944.92,1,1552.5,768.5,1411.0,631.0,1694.0,906.0,0.4419,23.75,76.48,75.05
315,10.497,AGREE,1,0.9549,1510.04,744.7,176222.4,1288.85,545.53,1731.23,943.88,1,1552.5,767.5,1411.0,630.0,1694.0,905.0,0.4416,19.65,77.7,74.69
316,10.53,AGREE,1,0.9412,1510.07,744.33,175995.4,1289.03,545.28,1731.11,943.38,1,1553.5,766.5,1412.0,629.0,1695.0,904.0,0.4422,20.8,77.24,74.54
317,10.564,AGREE,1,0.9439,1511.13,743.47,176446.5,1290.04,543.96,1732.23,942.99,1,1554.5,766.5,1413.0,629.0,1696.0,904.0,0.4411,22.0,80.52,74.19
318,10.597,AGREE,1,0.9435,1511.62,744.05,177675.8,1290.19,543.46,1733.06,944.65,1,1554.0,766.0,1415.0,631.0,1693.0,901.0,0.4225,22.35,81.54,73.87
319,10.63,AGREE,1,0.9507,1512.86,744.62,180263.0,1287.62,544.54,1738.1,944.69,1,1555.0,767.0,1416.0,632.0,1694.0,902.0,0.4164,24.35,81.79,73.57
320,10.664,AGREE,1,0.9405,1510.56,745.87,179181.4,1287.04,545.47,1734.08,946.28,1,1554.0,768.0,1415.0,633.0,1693.0,903.0,0.4189,19.64,80.31,73.27
321,10.697,AGREE,1,0.9249,1506.62,746.84,176632.2,1286.07,546.62,1727.17,947.05,1,1553.0,768.5,1417.0,636.0,1689.0,901.0,0.4081,21.41,78.99,72.95
322,10.73,AGREE,1,0.8962,1498.32,748.16,170155.4,1285.1,548.65,1711.53,947.67,1,1552.5,769.5,1419.0,640.0,1686.0,899.0,0.4064,23.06,79.09,72.75
323,10.764,AGREE,1,0.8994,1501.33,747.44,172707.6,1286.43,546.53,1716.24,948.36,1,1553.0,770.5,1417.0,638.0,1689.0,903.0,0.4174,21.68,79.6,72.73
324,10.797,AGREE,1,0.8932,1488.71,745.44,162309.2,1287.26,544.01,1690.16,946.86,1,1552.0,769.0,1413.0,634.0,1691.0,904.0,0.4604,23.01,78.5,72.83
325,10.83,AGREE,1,0.9057,1491.41,744.35,165180.5,1285.33,543.96,1697.48,944.74,1,1549.5,767.5,1408.0,630.0,1691.0,905.0,0.4712,18.75,80.41,72.86
326,10.864,AGREE,1,0.8963,1468.55,743.22,147878.8,1284.02,542.88,1653.08,943.57,1,1544.5,765.5,1403.0,628.0,1686.0,903.0,0.4382,21.94,74.86,72.89
327,10.897,AGREE,1,0.923,1481.9,739.81,168960.1,1271.15,539.39,1692.65,940.24,1,1528.5,765.0,1381.0,622.0,1676.0,908.0,0.4993,18.26,72.69,72.82
328,10.93,AGREE,1,0.9068,1458.8,733.5,161694.2,1256.57,533.61,1661.04,933.38,1,1510.5,762.0,1363.0,619.0,1658.0,905.0,0.5218,23.46,78.45,72.7
329,10.964,AGREE,1,0.9024,1445.42,727.09,164513.0,1237.14,529.62,1653.69,924.56,1,1487.5,756.0,1340.0,613.0,1635.0,899.0,0.5128,21.33,78.73,72.5
330,10.997,AGREE,1,0.9224,1400.48,718.78,144922.2,1216.43,521.93,1584.54,915.63,1,1463.5,748.0,1310.0,599.0,1617.0,897.0,0.5292,21.24,80.91,72.19
331,11.03,AGREE,1,0.9144,1390.81,710.81,155422.9,1191.71,515.66,1589.91,905.97,1,1426.5,745.0,1273.0,596.0,1580.0,894.0,0.5886,24.53,74.46,71.93
332,11.063,AGREE,1,0.9094,1344.06,701.44,140429.1,1163.23,507.3,1524.9,895.57,1,1399.5,732.0,1249.0,586.0,1550.0,878.0,0.5452,24.52,74.84,71.75
333,11.097,AGREE,1,0.9228,1315.0,693.87,140592.8,1132.17,501.63,1497.84,886.1,1,1359.5,723.0,1212.0,580.0,1507.0,866.0,0.5708,25.23,75.17,71.55
334,11.13,AGREE,1,0.9202,1286.37,684.72,139754.5,1102.49,494.71,1470.24,874.73,1,1331.5,704.0,1181.0,558.0,1482.0,850.0,0.5899,24.58,73.76,71.37
335,11.163,AGREE,1,0.9012,1247.11,680.7,131797.2,1074.74,489.56,1419.49,871.85,1,1297.5,696.0,1147.0,550.0,1448.0,842.0,0.5678,23.61,72.23,71.21
336,11.197,AGREE,1,0.9294,1208.5,676.94,125511.8,1044.03,486.17,1372.98,867.72,1,1267.5,683.0,1114.0,534.0,1421.0,832.0,0.5519,17.92,72.34,71.12
337,11.23,AGREE,1,0.9387,1178.77,671.45,124469.3,1014.65,481.86,1342.89,861.05,1,1232.5,680.0,1076.0,528.0,1389.0,832.0,0.5859,18.58,75.44,71.07
338,11.263,AGREE,1,0.9307,1152.86,668.04,123934.4,989.67,478.18,1316.05,857.91,1,1207.5,676.0,1051.0,524.0,1364.0,828.0,0.5817,23.55,75.84,70.93
339,11.297,AGREE,1,0.9357,1127.42,663.54,124456.3,963.45,473.78,1291.38,853.31,1,1182.5,671.0,1026.0,519.0,1339.0,823.0,0.5807,23.19,74.71,70.81
340,11.33,AGREE,1,0.9305,1115.09,659.78,128326.4,946.18,469.85,1284.0,849.71,1,1161.5,667.0,1008.0,518.0,1315.0,816.0,0.5979,23.56,76.98,70.74
341,11.363,AGREE,1,0.9227,1110.56,657.12,138932.0,928.11,466.75,1293.02,847.48,1,1143.5,664.0,987.0,512.0,1300.0,816.0,0.6595,17.53,78.15,70.74
342,11.397,AGREE,1,0.9414,1081.67,652.98,128281.4,912.27,463.66,1251.08,842.29,1,1127.5,660.0,971.0,508.0,1284.0,812.0,0.6157,18.23,79.79,70.7
343,11.43,AGREE,1,0.9155,1067.55,651.62,125509.5,901.71,462.42,1233.4,840.81,1,1112.5,657.0,962.0,511.0,1263.0,803.0,0.5907,17.2,79.53,70.62
344,11.463,AGREE,1,0.9128,1066.43,650.34,132531.1,890.9,461.58,1241.96,839.1,1,1106.5,652.0,959.0,509.0,1254.0,795.0,0.5952,17.72,78.58,70.53
345,11.497,AGREE,1,0.9188,1068.58,649.93,139245.3,884.38,460.94,1252.77,838.92,1,1101.5,650.0,954.0,507.0,1249.0,793.0,0.6059,19.38,79.3,70.53
346,11.53,AGREE,1,0.9054,1062.05,649.38,138824.9,878.32,460.47,1245.77,838.28,1,1096.5,649.5,952.0,509.0,1241.0,790.0,0.585,16.66,77.66,70.58
347,11.563,AGREE,1,0.898,1047.49,647.6,128486.4,876.74,459.47,1218.24,835.72,1,1093.0,647.0,954.0,512.0,1232.0,782.0,0.5397,22.63,81.32,70.4
348,11.597,AGREE,1,0.9058,1055.5,646.95,134767.3,875.93,459.33,1235.07,834.58,1,1095.0,646.0,956.0,511.0,1234.0,781.0,0.557,17.67,78.21,70.45
349,11.63,AGREE,1,0.9097,1035.71,649.49,120236.3,875.17,462.25,1196.24,836.74,1,1095.0,646.0,956.0,511.0,1234.0,781.0,0.4973,22.46,76.08,70.54
350,11.663,AGREE,1,0.9207,1034.7,650.99,119702.0,874.59,464.08,1194.81,837.9,1,1095.5,648.5,954.0,511.0,1237.0,786.0,0.5043,24.54,78.8,70.64
351,11.697,AGREE,1,0.921,1034.62,652.86,118688.7,875.5,466.38,1193.73,839.34,1,1094.5,652.5,950.0,512.0,1239.0,793.0,0.5212,27.64,75.55,70.78
352,11.73,AGREE,1,0.9174,1031.93,654.34,116047.6,875.53,468.84,1188.32,839.85,1,1092.5,654.0,945.0,511.0,1240.0,797.0,0.5319,24.53,79.26,70.95
353,11.763,AGREE,1,0.9145,1032.64,654.84,115878.8,875.8,470.12,1189.47,839.55,1,1092.5,655.0,945.0,512.0,1240.0,798.0,0.5365,25.14,86.14,71.09
354,11.797,AGREE,1,0.9127,1033.68,653.91,115764.1,877.0,469.19,1190.35,838.63,1,1090.5,656.0,940.0,510.0,1241.0,802.0,0.5599,25.21,80.62,71.24
355,11.83,AGREE,1,0.9122,1036.6,652.56,116059.4,878.87,468.61,1194.33,836.51,1,1089.5,655.0,939.0,509.0,1240.0,801.0,0.5762,18.3,80.09,71.4
356,11.863,AGREE,1,0.9098,1033.79,652.18,114827.0,878.04,467.87,1189.53,836.49,1,1088.5,654.0,938.0,508.0,1239.0,800.0,0.5682,26.17,82.91,71.44
357,11.897,AGREE,1,0.9188,1033.98,651.63,115231.9,877.45,467.59,1190.51,835.67,1,1089.5,655.0,939.0,509.0,1240.0,801.0,0.5663,23.61,81.68,71.47
358,11.93,AGREE,1,0.9252,1032.45,650.45,114619.3,875.88,467.42,1189.01,833.47,1,1086.5,655.0,936.0,509.0,1237.0,801.0,0.5744,23.9,85.28,71.49
359,11.963,AGREE,1,0.9252,1033.06,650.95,116065.9,875.59,466.69,1190.54,835.22,1,1086.5,655.0,939.0,512.0,1234.0,798.0,0.5599,17.28,86.04,71.51
360,11.997,AGREE,1,0.9187,1033.33,650.95,116160.0,875.85,466.55,1190.81,835.36,1,1089.5,656.5,945.0,516.0,1234.0,797.0,0.5384,19.75,84.45,71.45
361,12.03,AGREE,1,0.919,1054.95,650.33,130526.4,877.36,466.58,1232.53,834.09,1,1092.5,657.5,948.0,517.0,1237.0,798.0,0.6067,23.22,84.88,71.5
362,12.063,AGREE,1,0.9157,1047.52,650.81,123588.4,878.79,467.69,1216.25,833.93,1,1091.5,656.5,950.0,519.0,1233.0,794.0,0.5712,23.53,83.41,71.47
363,12.097,AGREE,1,0.9118,1053.55,652.24,127318.5,879.77,469.07,1227.32,835.4,1,1094.0,657.0,955.0,522.0,1233.0,792.0,0.5706,22.93,84.19,71.46
364,12.13,AGREE,1,0.9182,1060.33,652.39,132004.4,880.15,469.23,1240.51,835.54,1,1095.0,656.5,959.0,524.0,1231.0,789.0,0.546,22.9,84.45,71.43
365,12.163,AGREE,1,0.9317,1067.28,652.88,137236.2,880.64,469.06,1253.92,836.71,1,1096.5,655.5,963.0,526.0,1230.0,785.0,0.5039,18.52,88.4,71.36
366,12.196,AGREE,1,0.9393,1067.47,652.62,136357.4,881.85,468.97,1253.09,836.27,1,1098.0,654.0,967.0,527.0,1229.0,781.0,0.488,21.11,87.39,71.35
367,12.23,AGREE,1,0.9374,1069.29,651.95,137423.9,881.8,468.7,1256.78,835.19,1,1100.5,653.5,972.0,529.0,1229.0,778.0,0.4657,21.8,83.75,71.49
368,12.263,AGREE,1,0.9477,1074.96,651.6,140005.0,883.6,468.7,1266.32,834.51,1,1103.0,652.0,977.0,530.0,1229.0,774.0,0.4392,20.19,81.16,71.63
369,12.296,AGREE,1,0.9519,1078.74,651.94,141246.3,887.31,467.48,1270.17,836.4,1,1107.0,653.0,981.0,531.0,1233.0,775.0,0.4353,22.64,80.91,71.98
370,12.33,AGREE,1,0.96,1081.71,652.21,141319.7,890.8,467.16,1272.63,837.27,1,1109.5,652.5,981.0,528.0,1238.0,777.0,0.4528,24.42,79.0,72.51
371,12.363,AGREE,1,0.9601,1083.72,652.73,142820.8,891.67,466.81,1275.77,838.65,1,1109.5,653.0,986.0,533.0,1233.0,773.0,0.4151,20.69,78.13,73.67
372,12.396,AGREE,1,0.9593,1085.16,654.13,143714.5,891.93,468.2,1278.39,840.07,1,1114.5,657.0,996.0,542.0,1233.0,772.0,0.3793,20.86,80.59,75.36
373,12.43,AGREE,1,0.9602,1087.19,656.31,144768.6,892.71,470.22,1281.67,842.41,1,1117.5,656.0,1001.0,543.0,1234.0,769.0,0.3637,23.58,78.11,76.94
374,12.463,AGREE,1,0.9523,1088.2,657.7,144887.4,893.55,471.62,1282.85,843.79,1,1119.0,656.5,1005.0,546.0,1233.0,767.0,0.3478,20.07,79.8,78.37
375,12.496,AGREE,1,0.9507,1085.83,658.72,144627.9,892.3,471.89,1279.37,845.54,1,1120.0,657.5,1006.0,547.0,1234.0,768.0,0.3484,18.31,81.36,78.52
376,12.53,AGREE,1,0.949,1084.64,659.04,144304.3,891.55,472.21,1277.73,845.87,1,1119.0,656.5,1005.0,546.0,1233.0,767.0,0.3492,16.59,80.49,78.33
377,12.563,AGREE,1,0.9486,1084.18,658.83,144052.4,891.14,472.27,1277.22,845.38,1,1119.5,657.5,1010.0,551.0,1229.0,764.0,0.3238,17.06,75.27,78.15
378,12.596,AGREE,1,0.9489,1083.78,658.17,144275.6,890.74,471.32,1276.82,845.01,1,1118.0,653.5,1006.0,545.0,1230.0,762.0,0.3369,17.94,75.96,78.27
379,12.63,AGREE,1,0.9477,1082.71,656.77,142275.8,891.11,471.13,1274.31,842.41,1,1117.5,655.5,1008.0,549.0,1227.0,762.0,0.3279,16.29,79.16,78.3
380,12.663,AGREE,1,0.9529,1082.42,655.2,143596.3,889.87,468.77,1274.98,841.64,1,1115.0,650.5,1003.0,542.0,1227.0,759.0,0.3385,21.59,78.53,78.49
381,12.696,AGREE,1,0.9525,1081.07,654.47,143572.9,888.35,468.23,1273.79,840.71,1,1115.0,650.5,1001.0,540.0,1229.0,761.0,0.351,21.68,80.41,78.61
382,12.73,AGREE,1,0.9534,1080.07,654.27,143499.1,887.0,468.47,1273.15,840.08,1,1114.0,651.5,1000.0,541.0,1228.0,762.0,0.3511,24.37,76.78,78.64
383,12.763,AGREE,1,0.9538,1079.46,654.3,143504.6,886.25,468.61,1272.67,839.99,1,1113.0,651.5,1001.0,543.0,1225.0,760.0,0.3387,24.35,80.64,78.69
384,12.796,AGREE,1,0.9532,1078.95,654.12,143192.2,886.05,468.54,1271.85,839.7,1,1112.0,651.5,998.0,541.0,1226.0,762.0,0.3519,24.39,79.72,78.89
385,12.83,AGREE,1,0.9554,1078.75,653.9,142938.7,885.98,468.53,1271.53,839.27,1,1112.0,651.5,998.0,541.0,1226.0,762.0,0.3525,21.57,81.35,79.03
386,12.863,AGREE,1,0.9555,1078.49,653.5,142249.7,886.16,468.6,1270.82,838.4,1,1111.0,650.5,997.0,540.0,1225.0,761.0,0.3542,20.45,83.67,79.19
387,12.896,AGREE,1,0.9554,1078.0,653.19,142088.3,885.74,468.43,1270.26,837.94,1,1110.0,649.5,996.0,539.0,1224.0,760.0,0.3546,21.88,80.86,79.29
388,12.93,AGREE,1,0.9538,1077.31,652.78,142086.9,884.69,468.36,1269.93,837.19,1,1110.0,649.5,996.0,539.0,1224.0,760.0,0.3546,22.19,81.94,79.36
389,12.963,AGREE,1,0.9547,1077.25,652.97,142533.3,884.27,468.32,1270.23,837.61,1,1110.0,649.5,996.0,539.0,1224.0,760.0,0.3535,21.52,80.42,79.17
390,12.996,AGREE,1,0.9511,1077.45,653.5,142292.3,884.95,468.71,1269.95,838.3,1,1111.0,651.5,999.0,543.0,1223.0,760.0,0.3416,18.02,82.38,79.09
391,13.03,AGREE,1,0.95,1078.48,654.15,142820.7,885.91,468.73,1271.04,839.56,1,1112.0,651.5,1000.0,543.0,1224.0,760.0,0.3403,17.35,76.29,79.09
392,13.063,AGREE,1,0.9503,1078.86,654.08,143123.0,886.06,468.5,1271.67,839.66,1,1112.5,652.5,1003.0,546.0,1222.0,759.0,0.3259,19.28,69.99,79.04
393,13.096,AGREE,1,0.9538,1079.04,654.75,143356.5,886.17,468.92,1271.91,840.57,1,1112.5,651.5,1003.0,545.0,1222.0,758.0,0.3254,21.59,73.38,79.01
394,13.13,AGREE,1,0.9524,1079.28,654.94,143431.8,886.46,468.98,1272.1,840.9,1,1114.0,651.5,1002.0,543.0,1226.0,760.0,0.3389,16.43,76.6,79.01
395,13.163,AGREE,1,0.9496,1079.48,655.27,143969.8,886.43,468.83,1272.53,841.71,1,1115.0,652.5,1003.0,544.0,1227.0,761.0,0.3376,24.23,78.05,79.01
396,13.196,AGREE,1,0.9524,1078.91,655.53,142709.4,887.55,469.08,1270.27,841.97,1,1115.5,652.5,1006.0,546.0,1225.0,759.0,0.3269,21.4,77.1,78.83
397,13.23,AGREE,1,0.9508,1081.02,657.1,144832.3,887.41,470.09,1274.63,844.11,1,1115.5,652.5,1006.0,546.0,1225.0,759.0,0.3221,17.84,78.67,78.88
398,13.263,AGREE,1,0.9467,1081.69,658.0,144573.6,888.36,471.05,1275.02,844.95,1,1116.5,653.5,1007.0,547.0,1226.0,760.0,0.3227,21.47,79.32,78.77
399,13.296,AGREE,1,0.9504,1083.17,658.13,144408.7,890.24,471.0,1276.09,845.27,1,1117.5,653.5,1008.0,547.0,1227.0,760.0,0.323,24.29,78.69,78.76
400,13.329,AGREE,1,0.9492,1083.53,658.3,144362.9,890.6,471.24,1276.45,845.37,1,1118.5,653.5,1009.0,547.0,1228.0,760.0,0.3231,24.72,82.69,78.82
401,13.363,AGREE,1,0.9493,1084.54,657.58,144080.7,891.47,471.01,1277.6,844.16,1,1120.5,653.5,1011.0,547.0,1230.0,760.0,0.3238,25.13,83.58,78.89
402,13.396,AGREE,1,0.951,1084.32,657.31,144095.6,891.24,470.73,1277.4,843.88,1,1119.5,653.5,1010.0,547.0,1229.0,760.0,0.3237,24.97,82.14,78.93
403,13.429,AGREE,1,0.9545,1084.78,657.36,144023.1,891.47,471.1,1278.1,843.61,1,1121.0,653.5,1009.0,545.0,1233.0,762.0,0.3375,25.15,80.29,78.95
404,13.463,AGREE,1,0.9544,1085.83,657.13,143755.7,892.63,471.11,1279.04,843.15,1,1122.0,654.5,1010.0,546.0,1234.0,763.0,0.3381,25.16,81.4,78.98
405,13.496,AGREE,1,0.954,1086.44,657.06,143534.6,893.44,471.14,1279.45,842.98,1,1123.0,653.5,1011.0,545.0,1235.0,762.0,0.3387,21.32,80.97,79.0
406,13.529,AGREE,1,0.9568,1087.01,656.31,143376.6,893.77,470.82,1280.26,841.8,1,1123.0,654.5,1011.0,546.0,1235.0,763.0,0.339,21.31,78.82,79.03
407,13.563,AGREE,1,0.9585,1087.04,655.48,142641.7,894.21,470.54,1279.86,840.41,1,1121.0,651.5,1009.0,543.0,1233.0,760.0,0.3408,17.03,79.14,79.08
408,13.596,AGREE,1,0.9574,1086.24,654.11,142206.5,894.2,468.99,1278.28,839.24,1,1121.0,650.5,1009.0,542.0,1233.0,759.0,0.3418,20.77,77.2,79.21
409,13.629,AGREE,1,0.9575,1086.54,653.15,142272.0,894.48,467.95,1278.59,838.35,1,1122.0,650.5,1010.0,542.0,1234.0,759.0,0.3417,17.64,70.66,79.23
410,13.663,AGREE,1,0.9573,1087.45,652.6,143013.2,894.5,467.31,1280.41,837.9,1,1122.0,649.5,1010.0,541.0,1234.0,758.0,0.3399,16.56,71.92,79.21
411,13.696,AGREE,1,0.9575,1087.66,652.74,143540.5,894.36,467.09,1280.96,838.38,1,1123.0,649.5,1011.0,541.0,1235.0,758.0,0.3386,22.07,73.3,79.1
412,13.729,AGREE,1,0.959,1087.92,652.92,143717.4,894.54,467.12,1281.29,838.73,1,1123.0,648.5,1011.0,540.0,1235.0,757.0,0.3382,21.48,76.93,79.08
413,13.763,AGREE,1,0.9625,1088.56,653.03,142062.4,896.27,468.33,1280.84,837.74,1,1124.0,649.5,1012.0,541.0,1236.0,758.0,0.3422,21.3,32.29,65.79
414,13.796,AGREE,1,0.9607,1088.93,654.09,143543.5,895.26,468.8,1282.6,839.38,1,1125.0,650.5,1013.0,542.0,1237.0,759.0,0.3386,17.74,33.56,64.1
415,13.829,AGREE,1,0.9613,1089.66,656.19,144722.5,895.5,469.84,1283.81,842.54,1,1126.0,652.5,1012.0,542.0,1240.0,763.0,0.3482,21.74,37.1,63.91
416,13.863,AGREE,1,0.9606,1091.7,655.24,144702.0,897.7,468.77,1285.69,841.72,1,1126.0,652.5,1014.0,544.0,1238.0,761.0,0.3359,21.21,45.74,64.21
417,13.896,AGREE,1,0.9578,1090.95,655.43,144892.5,896.83,468.83,1285.07,842.04,1,1126.0,652.5,1014.0,544.0,1238.0,761.0,0.3355,21.5,48.54,64.81
418,13.929,AGREE,1,0.9598,1091.02,655.91,145046.5,897.06,468.96,1284.99,842.86,1,1126.0,652.5,1014.0,544.0,1238.0,761.0,0.3351,18.97,53.47,67.2
419,13.963,AGREE,1,0.9578,1091.22,655.78,145276.2,897.19,468.59,1285.24,842.97,1,1125.5,651.5,1016.0,545.0,1235.0,758.0,0.3211,21.73,57.07,69.19
420,13.996,AGREE,1,0.954,1089.79,655.98,145913.7,895.4,468.32,1284.18,843.63,1,1126.5,651.5,1019.0,547.0,1234.0,756.0,0.308,21.4,57.23,70.3
421,14.029,AGREE,1,0.9555,1089.74,655.64,145297.4,895.46,468.68,1284.02,842.61,1,1128.5,651.5,1019.0,545.0,1238.0,758.0,0.321,21.26,58.64,70.12
422,14.063,AGREE,1,0.9531,1090.06,656.07,145157.9,895.98,469.09,1284.14,843.05,1,1127.5,651.5,1018.0,545.0,1237.0,758.0,0.3214,20.96,63.21,71.16
423,14.096,AGREE,1,0.955,1090.35,655.76,145406.0,896.33,468.4,1284.37,843.12,1,1127.5,651.5,1018.0,545.0,1237.0,758.0,0.3208,21.51,61.45,71.4
424,14.129,AGREE,1,0.9545,1092.95,654.77,144997.2,899.02,467.85,1286.88,841.68,1,1128.5,651.5,1019.0,545.0,1238.0,758.0,0.3217,22.17,61.46,71.75
425,14.163,AGREE,1,0.9533,1093.43,654.9,144313.9,900.15,468.24,1286.71,841.57,1,1129.5,650.5,1022.0,546.0,1237.0,755.0,0.3114,21.58,62.33,71.4
426,14.196,AGREE,1,0.9524,1094.27,654.99,143771.1,901.6,468.44,1286.95,841.54,1,1130.5,650.5,1023.0,546.0,1238.0,755.0,0.3125,17.78,63.7,71.09
427,14.229,AGREE,1,0.954,1093.99,654.28,142846.1,901.82,468.45,1286.16,840.11,1,1131.5,650.5,1026.0,548.0,1237.0,753.0,0.3028,17.98,62.09,70.99
428,14.263,AGREE,1,0.9498,1094.21,654.77,143356.3,901.56,468.74,1286.86,840.8,1,1132.5,649.5,1027.0,547.0,1238.0,752.0,0.3017,21.6,62.55,70.31
429,14.296,DISAGREE,1,0.9497,1094.28,654.83,142983.8,901.83,469.09,1286.72,840.58,1,1132.5,648.5,1029.0,548.0,1236.0,749.0,0.291,22.92,62.23,69.82
430,14.329,DISAGREE,1,0.9524,1094.03,655.35,143182.2,901.45,469.47,1286.61,841.22,1,1133.0,648.5,1032.0,550.0,1234.0,747.0,0.2779,23.7,60.94,69.46
431,14.363,DISAGREE,1,0.9506,1094.38,654.9,142348.7,902.16,469.76,1286.6,840.03,1,1134.0,648.5,1033.0,550.0,1235.0,747.0,0.2796,23.7,63.19,73.0
432,14.396,DISAGREE,1,0.9523,1094.56,655.6,143076.4,901.98,469.87,1287.15,841.33,1,1135.5,648.5,1032.0,548.0,1239.0,749.0,0.2908,22.72,65.22,72.86
433,14.429,DISAGREE,1,0.9547,1094.67,655.34,143760.1,901.72,469.08,1287.62,841.61,1,1133.0,648.5,1032.0,550.0,1234.0,747.0,0.2768,19.1,67.84,75.72
434,14.462,DISAGREE,1,0.9574,1092.85,655.48,143996.3,899.87,468.94,1285.84,842.02,1,1134.0,647.5,1035.0,551.0,1233.0,744.0,0.2654,16.89,68.48,77.49
435,14.496,DISAGREE,1,0.9565,1094.71,654.58,142574.5,902.97,468.68,1286.45,840.47,1,1135.5,648.5,1032.0,548.0,1239.0,749.0,0.2918,21.69,69.83,78.13
436,14.529,DISAGREE,1,0.9622,1095.82,655.24,143202.3,903.37,469.21,1288.26,841.27,1,1134.0,648.5,1033.0,550.0,1235.0,747.0,0.2779,17.53,67.21,77.89
437,14.562,DISAGREE,1,0.9623,1097.42,655.74,143756.0,904.13,469.8,1290.7,841.67,1,1136.5,649.5,1033.0,549.0,1240.0,750.0,0.2894,19.65,69.17,77.28
438,14.596,DISAGREE,1,0.9627,1098.45,656.29,143718.1,905.15,470.41,1291.75,842.16,1,1136.5,649.5,1033.0,549.0,1240.0,750.0,0.2895,23.86,62.61,75.32
439,14.629,DISAGREE,1,0.9657,1098.1,655.96,144249.9,904.73,469.46,1291.47,842.45,1,1136.5,649.5,1033.0,549.0,1240.0,750.0,0.2884,23.13,59.68,73.83
440,14.662,DISAGREE,1,0.967,1097.71,655.67,144774.1,903.79,469.03,1291.63,842.31,1,1135.5,649.5,1030.0,547.0,1241.0,752.0,0.2988,22.2,53.98,72.11
441,14.696,DISAGREE,1,0.9665,1097.76,655.66,144996.3,903.73,468.84,1291.8,842.49,1,1136.5,649.5,1033.0,549.0,1240.0,750.0,0.287,21.45,53.46,71.07
442,14.729,DISAGREE,1,0.9657,1098.87,655.85,144850.9,904.67,469.38,1293.07,842.31,1,1136.0,648.5,1035.0,550.0,1237.0,747.0,0.2747,16.89,53.07,70.16
443,14.762,DISAGREE,1,0.9665,1099.34,655.83,144827.8,905.28,469.25,1293.4,842.41,1,1137.0,648.5,1036.0,550.0,1238.0,747.0,0.2748,21.71,53.92,69.46
444,14.796,AGREE,1,0.9571,1098.98,654.43,143336.4,906.15,468.6,1291.81,840.26,1,1139.5,649.5,1034.0,547.0,1245.0,752.0,0.3018,17.91,38.31,67.97
445,14.829,DISAGREE,1,0.9574,1099.49,655.33,144385.1,906.1,468.68,1292.87,841.99,1,1138.5,650.5,1033.0,548.0,1244.0,753.0,0.2996,25.12,39.3,64.38
446,14.862,AGREE,1,0.9522,1097.15,656.04,143562.6,905.34,468.92,1288.95,843.16,1,1139.5,650.5,1032.0,546.0,1247.0,755.0,0.313,23.94,45.21,63.93
447,14.896,AGREE,1,0.9589,1098.54,655.23,143525.6,906.3,468.59,1290.78,841.88,1,1138.5,649.5,1031.0,545.0,1246.0,754.0,0.3131,22.16,49.48,65.66
448,14.929,DISAGREE,1,0.9629,1099.7,654.99,144348.5,906.26,468.44,1293.15,841.54,1,1137.5,649.5,1032.0,547.0,1243.0,752.0,0.2997,22.17,51.76,67.09
449,14.962,AGREE,1,0.9624,1099.41,654.31,143857.7,906.34,468.04,1292.49,840.58,1,1138.5,649.5,1033.0,547.0,1244.0,752.0,0.3007,22.13,52.19,67.68
450,14.996,AGREE,1,0.9634,1099.77,654.51,143572.6,907.11,468.21,1292.44,840.81,1,1138.5,649.5,1033.0,547.0,1244.0,752.0,0.3013,22.34,54.38,68.21
451,15.029,DISAGREE,1,0.9633,1101.28,654.91,144261.5,907.68,468.63,1294.88,841.2,1,1139.5,649.5,1034.0,547.0,1245.0,752.0,0.2998,23.19,51.84,68.48
452,15.062,AGREE,1,0.9632,1101.67,654.99,144065.5,908.09,468.93,1295.25,841.04,1,1139.5,649.5,1034.0,547.0,1245.0,752.0,0.3002,17.96,52.06,68.59
453,15.096,AGREE,1,0.9634,1101.97,654.93,143938.4,908.52,468.91,1295.41,840.95,1,1139.5,650.5,1032.0,546.0,1247.0,755.0,0.3122,17.96,52.56,68.69
454,15.129,AGREE,1,0.9633,1101.8,654.88,143631.4,908.7,468.92,1294.9,840.84,1,1139.5,649.5,1034.0,547.0,1245.0,752.0,0.3012,24.42,56.5,68.84
455,15.162,AGREE,1,0.9634,1102.28,654.65,143783.0,908.88,468.78,1295.67,840.51,1,1139.5,650.5,1030.0,544.0,1249.0,757.0,0.3244,23.38,57.39,68.87
456,15.196,AGREE,1,0.9623,1102.43,654.49,143853.6,908.93,468.64,1295.93,840.35,1,1138.5,649.5,1033.0,547.0,1244.0,752.0,0.3007,24.43,55.45,68.9
457,15.229,AGREE,1,0.9638,1102.82,654.45,144254.0,908.89,468.49,1296.75,840.41,1,1139.5,650.5,1032.0,546.0,1247.0,755.0,0.3115,22.74,51.21,68.99
458,15.262,AGREE,1,0.9616,1102.5,653.78,143341.7,909.58,468.02,1295.42,839.53,1,1140.5,649.5,1033.0,545.0,1248.0,754.0,0.3135,23.67,51.8,67.84
459,15.296,AGREE,1,0.9606,1103.25,653.48,143653.4,910.01,467.64,1296.5,839.33,1,1141.5,650.5,1034.0,546.0,1249.0,755.0,0.3128,17.34,46.32,67.01
460,15.329,AGREE,1,0.9603,1103.55,653.69,144043.6,910.02,467.61,1297.07,839.76,1,1141.5,650.5,1032.0,544.0,1251.0,757.0,0.3238,21.58,48.38,66.63
461,15.362,AGREE,1,0.9586,1104.31,653.5,143654.4,910.99,467.73,1297.62,839.28,1,1141.5,649.5,1034.0,545.0,1249.0,754.0,0.3128,23.6,51.02,65.99
462,15.396,AGREE,1,0.9586,1104.55,653.6,143576.7,911.36,467.81,1297.75,839.39,1,1143.5,649.5,1036.0,545.0,1251.0,754.0,0.313,18.13,50.45,65.88
463,15.429,AGREE,1,0.9607,1104.7,653.48,143683.5,911.46,467.59,1297.94,839.37,1,1143.5,649.5,1036.0,545.0,1251.0,754.0,0.3127,18.31,50.81,65.85
464,15.462,AGREE,1,0.962,1104.93,653.25,143768.0,911.61,467.33,1298.25,839.17,1,1143.5,649.5,1036.0,545.0,1251.0,754.0,0.3126,22.81,50.84,65.88
465,15.496,AGREE,1,0.9613,1104.93,652.67,143472.5,911.67,467.08,1298.2,838.26,1,1143.5,649.5,1038.0,547.0,1249.0,752.0,0.3015,19.47,52.68,65.93
466,15.529,AGREE,1,0.96,1104.82,651.88,143124.5,911.73,466.58,1297.92,837.19,1,1143.5,649.5,1034.0,543.0,1253.0,756.0,0.3259,22.99,53.52,66.0
467,15.562,AGREE,1,0.9622,1104.87,651.37,143396.1,911.67,465.81,1298.07,836.93,1,1142.5,648.5,1035.0,544.0,1250.0,753.0,0.3134,24.99,54.98,66.06
468,15.596,AGREE,1,0.9644,1104.92,651.05,143485.4,911.62,465.47,1298.22,836.62,1,1142.5,647.5,1035.0,543.0,1250.0,752.0,0.3132,21.45,55.9,66.32
469,15.629,AGREE,1,0.964,1104.88,650.93,142933.5,911.76,465.9,1298.0,835.96,1,1143.5,646.5,1036.0,542.0,1251.0,751.0,0.3144,21.34,53.93,67.54
470,15.662,AGREE,1,0.9645,1105.32,650.86,143060.9,911.9,465.95,1298.73,835.78,1,1143.5,646.5,1036.0,542.0,1251.0,751.0,0.3141,21.52,55.73,68.38
471,15.695,AGREE,1,0.9639,1105.36,650.47,143046.8,912.09,465.44,1298.63,835.51,1,1143.5,645.5,1038.0,543.0,1249.0,748.0,0.3024,22.24,58.99,68.79
472,15.729,DISAGREE,1,0.9634,1105.48,650.1,143228.2,912.26,464.78,1298.69,835.43,1,1144.5,645.5,1041.0,545.0,1248.0,746.0,0.2905,24.47,56.59,69.16
473,15.762,AGREE,1,0.963,1105.43,649.84,143429.2,912.22,464.25,1298.64,835.43,1,1144.5,644.5,1039.0,542.0,1250.0,747.0,0.3016,21.27,59.43,69.4
474,15.795,AGREE,1,0.9624,1105.53,649.68,143477.3,912.33,464.03,1298.74,835.33,1,1145.5,644.5,1040.0,542.0,1251.0,747.0,0.3015,22.54,60.37,69.67
475,15.829,DISAGREE,1,0.9623,1105.63,649.57,143536.8,912.38,463.88,1298.88,835.26,1,1145.5,643.5,1042.0,543.0,1249.0,744.0,0.2899,17.11,62.33,69.8
476,15.862,DISAGREE,1,0.9633,1106.09,649.44,143920.1,912.72,463.37,1299.46,835.51,1,1145.0,643.5,1044.0,545.0,1246.0,742.0,0.2765,17.66,57.84,69.97
477,15.895,DISAGREE,1,0.9646,1106.28,649.32,144044.8,912.82,463.18,1299.73,835.47,1,1146.0,642.5,1045.0,544.0,1247.0,741.0,0.2763,17.27,62.35,70.15
478,15.929,DISAGREE,1,0.9635,1106.53,649.17,144238.3,912.92,462.92,1300.13,835.42,1,1147.5,643.5,1044.0,543.0,1251.0,744.0,0.2885,17.63,58.88,70.25
479,15.962,DISAGREE,1,0.9636,1106.73,649.43,144456.6,912.98,463.04,1300.48,835.83,1,1147.5,643.5,1042.0,541.0,1253.0,746.0,0.2994,24.07,60.82,70.32
480,15.995,DISAGREE,1,0.9655,1107.23,649.4,144439.0,913.33,463.18,1301.14,835.63,1,1148.5,643.5,1043.0,541.0,1254.0,746.0,0.2995,20.99,61.98,70.87
481,16.029,AGREE,1,0.9644,1108.27,649.03,144998.7,913.57,462.85,1302.96,835.22,1,1148.5,643.5,1041.0,539.0,1256.0,748.0,0.3099,21.54,60.6,71.32
482,16.062,DISAGREE,1,0.9619,1107.94,648.46,144954.6,913.29,462.28,1302.59,834.64,1,1147.5,643.5,1042.0,541.0,1253.0,746.0,0.2984,21.4,62.82,71.65
483,16.095,AGREE,1,0.9621,1108.4,647.97,145278.4,913.37,461.74,1303.43,834.19,1,1148.5,643.5,1041.0,539.0,1256.0,748.0,0.3093,21.44,64.05,71.88
484,16.129,AGREE,1,0.9622,1107.59,646.94,145129.0,912.68,460.8,1302.51,833.09,1,1147.5,642.5,1038.0,536.0,1257.0,749.0,0.3214,21.31,61.04,72.03
485,16.162,AGREE,1,0.9631,1107.88,646.76,145288.1,912.7,460.67,1303.06,832.85,1,1146.5,642.5,1039.0,538.0,1254.0,747.0,0.3093,23.58,64.65,72.24
486,16.195,AGREE,1,0.9621,1107.93,647.11,145727.4,912.61,460.59,1303.25,833.64,1,1147.5,642.5,1038.0,536.0,1257.0,749.0,0.3201,21.33,66.19,72.29
487,16.229,AGREE,1,0.9609,1108.08,647.62,145981.1,912.58,460.94,1303.58,834.3,1,1147.5,642.5,1040.0,538.0,1255.0,747.0,0.3078,24.39,63.53,72.49
488,16.262,AGREE,1,0.9613,1108.2,648.0,146117.2,912.81,461.05,1303.6,834.95,1,1148.5,643.5,1039.0,537.0,1258.0,750.0,0.3192,24.44,63.93,72.5
489,16.295,DISAGREE,1,0.9604,1108.31,648.11,145880.0,913.04,461.34,1303.57,834.89,1,1147.5,643.5,1042.0,541.0,1253.0,746.0,0.2965,24.46,64.07,72.56
490,16.329,AGREE,1,0.9603,1108.39,648.25,145795.5,913.13,461.58,1303.65,834.93,1,1148.5,643.5,1041.0,539.0,1256.0,748.0,0.3082,24.49,67.07,72.61
491,16.362,AGREE,1,0.9608,1108.45,647.98,145544.2,913.46,461.37,1303.43,834.59,1,1148.5,644.5,1041.0,540.0,1256.0,749.0,0.3087,24.44,65.42,72.68
492,16.395,AGREE,1,0.9617,1108.28,646.83,144990.1,913.33,460.91,1303.24,832.76,1,1149.0,643.5,1037.0,535.0,1261.0,752.0,0.3353,23.5,66.82,72.8
493,16.429,AGREE,1,0.9605,1108.28,646.35,144817.5,913.28,460.68,1303.28,832.01,1,1147.5,642.5,1038.0,536.0,1257.0,749.0,0.3221,17.28,66.95,72.93
494,16.462,AGREE,1,0.9615,1108.32,646.25,144745.7,913.31,460.69,1303.33,831.82,1,1146.5,642.5,1037.0,536.0,1256.0,749.0,0.3223,17.18,68.35,73.01
495,16.495,AGREE,1,0.96,1108.26,646.25,144273.8,913.6,460.96,1302.92,831.53,1,1146.5,641.5,1039.0,537.0,1254.0,746.0,0.3115,21.89,66.16,73.09
496,16.529,AGREE,1,0.9585,1108.27,646.46,144498.0,913.74,460.75,1302.8,832.17,1,1147.5,642.5,1038.0,536.0,1257.0,749.0,0.3228,23.54,67.03,73.15
497,16.562,DISAGREE,1,0.9588,1108.51,646.62,144772.5,913.76,460.77,1303.25,832.46,1,1147.5,642.5,1042.0,540.0,1253.0,745.0,0.2988,21.95,72.23,73.18
498,16.595,AGREE,1,0.957,1108.14,646.9,144774.4,913.48,460.97,1302.8,832.83,1,1148.5,642.5,1041.0,538.0,1256.0,747.0,0.3104,22.14,68.88,73.2
499,16.629,AGREE,1,0.9593,1107.98,646.8,144675.7,913.44,460.88,1302.52,832.72,1,1148.5,642.5,1041.0,538.0,1256.0,747.0,0.3106,16.79,68.64,73.19
500,16.662,AGREE,1,0.957,1108.08,647.08,144905.1,913.53,460.88,1302.63,833.29,1,1148.5,642.5,1041.0,538.0,1256.0,747.0,0.3101,22.43,64.79,73.2
501,16.695,AGREE,1,0.9594,1108.02,647.25,144873.0,913.37,461.18,1302.66,833.32,1,1148.5,643.5,1039.0,537.0,1258.0,750.0,0.322,22.23,64.55,73.2
502,16.729,AGREE,1,0.9592,1108.34,647.25,144559.0,913.75,461.52,1302.93,832.97,1,1148.5,642.5,1041.0,538.0,1256.0,747.0,0.3108,24.18,64.79,73.2
503,16.762,AGREE,1,0.9598,1108.82,647.4,144598.8,914.1,461.75,1303.53,833.05,1,1148.5,643.5,1041.0,539.0,1256.0,748.0,0.3108,23.59,67.75,73.21
504,16.795,DISAGREE,1,0.9587,1109.16,647.32,144686.0,914.48,461.52,1303.84,833.12,1,1149.5,643.5,1044.0,541.0,1255.0,746.0,0.299,23.62,65.65,73.22
505,16.828,AGREE,1,0.9578,1109.68,647.47,144677.3,915.08,461.6,1304.28,833.33,1,1149.5,643.5,1042.0,539.0,1257.0,748.0,0.3106,23.66,67.95,73.21
506,16.862,DISAGREE,1,0.96,1109.93,647.48,144836.4,915.1,461.62,1304.75,833.33,1,1150.5,643.5,1045.0,541.0,1256.0,746.0,0.2986,23.67,71.3,73.22
507,16.895,DISAGREE,1,0.96,1110.43,647.32,145098.8,915.5,461.23,1305.35,833.42,1,1150.5,643.5,1045.0,541.0,1256.0,746.0,0.2981,23.63,68.16,73.22
508,16.928,AGREE,1,0.9586,1110.32,646.93,144701.3,915.43,461.31,1305.2,832.55,1,1150.5,642.5,1043.0,538.0,1258.0,747.0,0.3105,24.95,65.45,73.24
509,16.962,AGREE,1,0.9593,1110.39,646.42,144315.1,915.61,461.19,1305.17,831.65,1,1150.5,642.5,1043.0,538.0,1258.0,747.0,0.3114,18.07,64.69,73.24
510,16.995,AGREE,1,0.9592,1110.31,646.52,144173.1,915.71,461.29,1304.9,831.74,1,1150.5,641.5,1043.0,537.0,1258.0,746.0,0.3117,21.29,66.55,73.21
511,17.028,AGREE,1,0.9583,1110.22,646.1,144089.9,915.72,460.9,1304.73,831.29,1,1149.5,641.5,1042.0,537.0,1257.0,746.0,0.3119,23.71,64.83,73.27
512,17.062,AGREE,1,0.9584,1110.94,645.79,144111.6,916.27,460.72,1305.61,830.86,1,1150.5,641.5,1045.0,539.0,1256.0,744.0,0.3001,17.73,64.99,73.25
513,17.095,AGREE,1,0.9582,1111.74,645.67,144680.3,916.57,460.35,1306.92,831.0,1,1151.5,641.5,1044.0,537.0,1259.0,746.0,0.3106,23.51,63.52,73.27
514,17.128,AGREE,1,0.9578,1111.97,645.84,144841.9,916.59,460.51,1307.35,831.17,1,1151.5,641.5,1042.0,535.0,1261.0,748.0,0.3221,23.62,67.18,73.27
515,17.162,DISAGREE,1,0.9576,1111.74,646.18,144634.7,916.57,460.91,1306.9,831.45,1,1150.5,641.5,1045.0,539.0,1256.0,744.0,0.2991,26.21,68.39,73.24
516,17.195,AGREE,1,0.9561,1111.86,646.54,144855.8,916.81,460.87,1306.9,832.22,1,1152.5,641.5,1045.0,537.0,1260.0,746.0,0.3102,23.6,68.4,73.18
517,17.228,AGREE,1,0.9574,1112.08,646.77,145108.7,916.9,460.91,1307.27,832.63,1,1151.5,641.5,1044.0,537.0,1259.0,746.0,0.3097,21.48,64.11,73.18
518,17.262,AGREE,1,0.9561,1111.91,646.52,144860.2,916.85,460.87,1306.98,832.17,1,1151.5,641.5,1044.0,537.0,1259.0,746.0,0.3102,21.43,64.21,73.16
519,17.295,AGREE,1,0.957,1111.7,646.31,144389.0,916.76,461.15,1306.65,831.48,1,1152.5,641.5,1043.0,535.0,1262.0,748.0,0.3231,23.65,64.24,73.17
520,17.328,AGREE,1,0.9571,1111.15,645.31,143491.8,916.68,460.84,1305.63,829.77,1,1150.5,640.5,1043.0,536.0,1258.0,745.0,0.3132,21.35,64.21,73.24
521,17.362,AGREE,1,0.9573,1110.76,644.86,143456.3,916.62,460.13,1304.9,829.6,1,1151.5,640.5,1044.0,536.0,1259.0,745.0,0.3132,21.36,66.28,73.31
522,17.395,AGREE,1,0.9574,1110.75,644.59,143402.4,916.59,459.95,1304.92,829.23,1,1151.5,640.5,1042.0,534.0,1261.0,747.0,0.3253,21.3,70.18,73.29
523,17.428,AGREE,1,0.9565,1110.74,644.56,143351.2,916.56,460.0,1304.92,829.11,1,1150.5,640.5,1043.0,536.0,1258.0,745.0,0.3135,24.34,68.89,73.32
524,17.462,AGREE,1,0.958,1110.71,644.45,143623.5,916.42,459.65,1305.01,829.25,1,1151.5,640.5,1042.0,534.0,1261.0,747.0,0.3248,21.35,67.31,73.42
525,17.495,AGREE,1,0.9568,1110.63,643.93,143140.0,916.67,459.44,1304.6,828.42,1,1149.5,639.5,1042.0,535.0,1257.0,744.0,0.3139,23.67,63.44,73.44
526,17.528,AGREE,1,0.9562,1110.41,644.04,143138.3,916.57,459.43,1304.24,828.65,1,1150.5,639.5,1043.0,535.0,1258.0,744.0,0.3139,23.53,65.11,73.44
527,17.562,AGREE,1,0.9531,1110.31,643.87,143201.8,916.47,459.18,1304.15,828.57,1,1150.5,639.5,1041.0,533.0,1260.0,746.0,0.3257,17.4,64.72,73.38
528,17.595,AGREE,1,0.9528,1110.12,643.36,143627.7,916.17,458.23,1304.07,828.49,1,1149.5,638.5,1042.0,534.0,1257.0,743.0,0.3129,16.65,64.09,73.51
529,17.628,AGREE,1,0.9522,1109.96,642.97,143289.2,916.32,457.98,1303.61,827.96,1,1150.5,638.5,1043.0,534.0,1258.0,743.0,0.3136,16.16,64.43,73.54
530,17.662,AGREE,1,0.9517,1109.77,642.79,143266.9,916.05,457.89,1303.49,827.68,1,1150.5,638.5,1043.0,534.0,1258.0,743.0,0.3136,21.32,66.42,73.53
531,17.695,AGREE,1,0.9464,1109.61,642.21,143071.1,916.25,457.23,1302.97,827.19,1,1149.5,638.5,1042.0,534.0,1257.0,743.0,0.3141,17.18,68.36,73.52
532,17.728,AGREE,1,0.9451,1109.66,642.02,143081.0,916.39,456.93,1302.93,827.1,1,1150.0,638.5,1038.0,530.0,1262.0,747.0,0.3397,17.01,69.23,73.44
533,17.762,AGREE,1,0.9446,1109.68,641.62,142801.2,916.51,456.81,1302.85,826.44,1,1149.5,637.5,1040.0,531.0,1259.0,744.0,0.3267,21.34,67.41,73.52
534,17.795,AGREE,1,0.9484,1110.0,641.73,142544.2,916.9,457.18,1303.09,826.29,1,1149.5,636.5,1042.0,532.0,1257.0,741.0,0.3152,24.33,70.12,73.57
535,17.828,AGREE,1,0.9497,1110.36,641.48,142611.3,916.95,457.14,1303.76,825.83,1,1150.5,637.5,1043.0,533.0,1258.0,742.0,0.3151,22.47,71.21,73.62
536,17.862,AGREE,1,0.9488,1110.85,641.2,142824.4,917.44,456.59,1304.27,825.81,1,1150.5,636.5,1041.0,530.0,1260.0,743.0,0.3266,21.4,68.15,73.63
537,17.895,AGREE,1,0.9521,1110.7,640.88,142997.1,917.12,456.2,1304.27,825.55,1,1149.5,636.5,1040.0,530.0,1259.0,743.0,0.3262,19.47,67.1,73.67
538,17.928,AGREE,1,0.9481,1111.51,640.52,143640.5,917.43,455.49,1305.58,825.55,1,1150.5,635.5,1043.0,531.0,1258.0,740.0,0.3128,23.76,66.12,73.73
539,17.961,AGREE,1,0.9484,1112.44,640.55,144192.8,917.98,455.18,1306.9,825.93,1,1152.5,636.5,1043.0,530.0,1262.0,743.0,0.3235,23.56,66.53,73.74
540,17.995,AGREE,1,0.9453,1114.18,640.51,144056.4,919.98,455.06,1308.37,825.96,1,1152.5,635.5,1045.0,531.0,1260.0,740.0,0.3119,23.1,64.24,76.3
541,18.028,AGREE,1,0.9475,1114.97,640.6,144522.0,920.41,454.9,1309.52,826.31,1,1154.5,635.5,1045.0,529.0,1264.0,742.0,0.3228,17.79,65.36,82.36
542,18.061,AGREE,1,0.9443,1115.35,640.21,144514.1,920.84,454.46,1309.85,825.95,1,1153.5,635.5,1044.0,529.0,1263.0,742.0,0.3228,19.07,96.63,107.81
543,18.095,AGREE,1,0.9457,1115.45,639.71,144881.2,920.75,453.68,1310.16,825.73,1,1153.5,634.5,1046.0,530.0,1261.0,739.0,0.3102,21.84,113.62,107.21
544,18.128,AGREE,1,0.9472,1115.13,638.86,144932.1,920.43,452.77,1309.84,824.95,1,1154.5,634.5,1045.0,528.0,1264.0,741.0,0.3219,17.05,119.5,106.5
545,18.161,AGREE,1,0.943,1116.01,638.17,147070.7,919.14,451.41,1312.89,824.93,1,1154.5,633.5,1047.0,529.0,1262.0,738.0,0.3055,23.64,122.93,105.93
546,18.195,AGREE,1,0.9416,1116.28,637.64,147333.1,919.13,450.8,1313.42,824.47,1,1155.5,633.5,1048.0,529.0,1263.0,738.0,0.305,17.84,122.77,105.44
547,18.228,AGREE,1,0.9433,1116.56,637.27,147439.7,919.35,450.36,1313.78,824.17,1,1155.5,633.5,1048.0,529.0,1263.0,738.0,0.3048,19.69,125.7,105.25
548,18.261,AGREE,1,0.947,1116.56,637.03,147387.8,919.64,449.91,1313.48,824.14,1,1155.5,633.5,1046.0,527.0,1265.0,740.0,0.3165,17.73,131.44,105.12
549,18.295,AGREE,1,0.9428,1117.31,636.95,146426.2,921.98,449.55,1312.65,824.36,1,1155.5,632.5,1048.0,528.0,1263.0,737.0,0.3069,24.36,124.93,104.9
550,18.328,AGREE,1,0.9403,1117.69,635.67,145750.2,923.7,447.84,1311.68,823.5,1,1156.5,632.5,1047.0,526.0,1266.0,739.0,0.32,25.36,125.83,105.15
551,18.361,AGREE,1,0.9405,1116.83,634.86,143665.0,924.36,448.26,1309.3,821.47,1,1156.0,632.5,1044.0,524.0,1268.0,741.0,0.3383,25.16,129.9,105.52
552,18.395,AGREE,1,0.9389,1117.46,634.43,143405.1,924.42,448.71,1310.49,820.15,1,1156.0,632.5,1042.0,522.0,1270.0,743.0,0.3514,19.78,133.57,105.86
553,18.428,AGREE,1,0.9383,1118.67,633.39,146320.5,922.15,447.25,1315.19,819.52,1,1156.0,632.5,1042.0,522.0,1270.0,743.0,0.3444,17.8,124.51,106.24
554,18.461,AGREE,1,0.9375,1117.91,632.85,145538.6,922.82,446.35,1313.01,819.34,1,1157.0,631.5,1043.0,521.0,1271.0,742.0,0.3462,22.35,125.17,106.48
555,18.495,AGREE,1,0.9355,1117.59,632.25,146862.4,921.53,444.98,1313.64,819.52,1,1157.5,632.0,1041.0,519.0,1274.0,745.0,0.3586,24.46,125.2,106.64
556,18.528,AGREE,1,0.9351,1118.73,631.66,147805.2,921.32,444.48,1316.14,818.84,1,1156.5,630.0,1040.0,517.0,1273.0,743.0,0.3563,24.46,122.23,106.63
557,18.561,AGREE,1,0.9404,1119.26,631.58,147705.9,922.19,444.19,1316.33,818.96,1,1155.5,630.0,1039.0,517.0,1272.0,743.0,0.3565,17.2,128.53,106.44
558,18.595,AGREE,1,0.9411,1119.69,629.92,148102.1,922.08,442.56,1317.31,817.29,1,1156.5,629.0,1040.0,516.0,1273.0,742.0,0.3556,20.97,125.95,106.47
559,18.628,AGREE,1,0.9394,1118.64,629.53,149081.6,919.97,441.94,1317.32,817.13,1,1155.5,628.0,1037.0,513.0,1274.0,743.0,0.3656,21.58,115.31,106.4
560,18.661,AGREE,1,0.9443,1116.62,629.9,148523.9,919.07,441.95,1314.18,817.85,1,1154.5,627.0,1036.0,512.0,1273.0,742.0,0.367,22.95,112.52,106.36
561,18.695,AGREE,1,0.9472,1116.47,629.06,149285.4,918.16,440.87,1314.79,817.25,1,1153.5,626.0,1037.0,513.0,1270.0,739.0,0.3527,17.56,118.71,106.37
562,18.728,AGREE,1,0.9475,1115.61,628.35,148943.0,917.2,440.68,1314.02,816.02,1,1153.5,625.0,1037.0,512.0,1270.0,738.0,0.3535,16.72,122.63,105.53
563,18.761,AGREE,1,0.9439,1114.55,628.31,149824.4,915.42,440.21,1313.68,816.4,1,1153.5,624.0,1035.0,509.0,1272.0,739.0,0.3638,22.01,122.31,102.89
564,18.795,AGREE,1,0.9447,1115.07,628.19,150807.9,915.47,439.31,1314.68,817.08,1,1152.5,624.0,1036.0,511.0,1269.0,737.0,0.3492,20.55,125.43,100.26
565,18.828,AGREE,1,0.946,1114.21,629.01,150046.8,916.45,439.32,1311.97,818.69,1,1154.5,624.0,1038.0,511.0,1271.0,737.0,0.3509,20.63,125.47,98.61
566,18.861,AGREE,1,0.9499,1114.64,629.7,148945.4,918.03,440.31,1311.26,819.09,1,1156.5,626.0,1040.0,513.0,1273.0,739.0,0.3535,21.9,127.72,97.92
567,18.895,AGREE,1,0.9512,1116.97,628.76,149884.9,917.45,440.95,1316.49,816.57,1,1157.5,627.0,1041.0,514.0,1274.0,740.0,0.3513,21.74,130.19,97.91
568,18.928,AGREE,1,0.9576,1119.97,629.05,148581.9,921.88,441.54,1318.06,816.57,1,1160.5,627.0,1044.0,514.0,1277.0,740.0,0.3544,21.51,128.13,97.75
569,18.961,AGREE,1,0.9555,1121.57,629.92,148369.7,923.97,442.21,1319.18,817.64,1,1162.0,627.5,1048.0,517.0,1276.0,738.0,0.3396,21.55,136.45,97.73
570,18.995,AGREE,1,0.9536,1122.58,630.61,148630.3,924.73,442.81,1320.43,818.42,1,1164.0,628.5,1050.0,518.0,1278.0,739.0,0.339,28.91,142.05,97.71
571,19.028,AGREE,1,0.9227,1117.41,631.81,145175.8,925.01,443.18,1309.82,820.44,1,1164.0,628.5,1052.0,520.0,1276.0,737.0,0.3348,21.5,137.58,97.63
572,19.061,AGREE,1,0.9255,1112.57,632.06,141875.4,924.54,443.41,1300.59,820.7,1,1164.0,629.5,1050.0,519.0,1278.0,740.0,0.3552,23.55,140.49,97.56
573,19.094,AGREE,1,0.9315,1111.92,631.86,142193.5,923.9,442.78,1299.93,820.93,1,1164.5,630.0,1048.0,517.0,1281.0,743.0,0.3703,23.63,140.4,97.5
574,19.128,AGREE,1,0.9154,1110.81,631.07,141868.8,922.9,442.33,1298.73,819.81,1,1163.5,632.0,1040.0,512.0,1287.0,752.0,0.4179,23.98,132.54,97.5
575,19.161,AGREE,1,0.9276,1110.18,630.65,140953.5,923.09,442.3,1297.26,819.01,1,1160.5,632.5,1032.0,508.0,1289.0,757.0,0.454,23.45,130.58,97.54
576,19.194,AGREE,1,0.9298,1110.66,628.66,141354.2,923.43,439.91,1297.89,817.4,1,1159.0,630.0,1033.0,508.0,1285.0,752.0,0.435,21.99,129.18,97.69
577,19.228,AGREE,1,0.9387,1111.06,626.81,141182.5,923.18,438.94,1298.93,814.67,1,1158.5,628.0,1035.0,508.0,1282.0,748.0,0.4199,17.66,131.29,98.09
578,19.261,AGREE,1,0.9204,1090.51,625.57,124138.6,925.36,437.65,1255.65,813.5,1,1158.5,624.0,1040.0,509.0,1277.0,739.0,0.3843,23.72,132.68,98.36
579,19.294,AGREE,1,0.9255,1085.13,624.29,119322.2,925.7,437.18,1244.56,811.39,1,1160.5,622.0,1044.0,509.0,1277.0,735.0,0.3579,22.04,127.48,98.63
580,19.328,AGREE,1,0.927,1093.14,623.25,124884.7,926.44,435.97,1259.85,810.54,1,1160.5,622.0,1042.0,507.0,1279.0,737.0,0.3875,21.89,128.6,98.66
581,19.361,AGREE,1,0.9275,1102.19,622.96,131873.1,926.26,435.57,1278.13,810.35,1,1161.0,621.5,1040.0,504.0,1282.0,739.0,0.4214,22.02,127.38,98.75
582,19.394,AGREE,1,0.9244,1094.33,623.06,125779.5,926.54,435.65,1262.12,810.46,1,1160.0,622.5,1039.0,505.0,1281.0,740.0,0.4027,20.4,129.36,98.73
583,19.428,AGREE,1,0.9264,1105.21,623.15,133143.0,926.82,436.55,1283.59,809.74,1,1159.5,622.0,1041.0,507.0,1278.0,737.0,0.4094,21.93,132.59,98.63
584,19.461,AGREE,1,0.9323,1104.26,623.07,129505.0,930.33,436.92,1278.19,809.22,1,1162.5,624.0,1044.0,509.0,1281.0,739.0,0.4139,23.55,127.33,98.64
585,19.494,AGREE,1,0.9491,1108.49,623.69,128885.0,935.71,437.19,1281.26,810.18,1,1167.5,626.0,1044.0,506.0,1291.0,746.0,0.4339,24.24,129.17,98.69
586,19.528,AGREE,1,0.9418,1127.49,624.41,137448.3,943.84,437.3,1311.13,811.52,1,1174.0,627.0,1048.0,505.0,1300.0,749.0,0.4474,24.25,131.42,98.4
587,19.561,AGREE,1,0.9455,1124.02,623.81,127307.1,954.65,435.89,1293.38,811.72,1,1182.5,629.5,1054.0,505.0,1311.0,754.0,0.4526,20.85,127.94,98.5
588,19.594,AGREE,1,0.9477,1139.37,624.68,130562.3,965.6,436.84,1313.14,812.52,1,1194.0,627.0,1063.0,500.0,1325.0,754.0,0.4757,19.52,134.47,98.79
589,19.628,AGREE,1,0.952,1151.91,623.86,128591.3,979.78,437.1,1324.05,810.62,1,1207.5,626.5,1074.0,497.0,1341.0,756.0,0.487,22.06,131.87,99.11
590,19.661,AGREE,1,0.9633,1168.23,622.95,131884.8,991.62,436.26,1344.83,809.65,1,1216.5,630.5,1083.0,501.0,1350.0,760.0,0.509,18.96,129.72,99.32
591,19.694,AGREE,1,0.9597,1176.61,620.31,128803.8,1004.97,432.71,1348.26,807.92,1,1227.5,625.5,1094.0,496.0,1361.0,755.0,0.4985,18.61,131.49,99.5
592,19.728,AGREE,1,0.9469,1183.38,617.68,126302.0,1015.23,429.9,1351.53,805.46,1,1240.5,623.5,1107.0,494.0,1374.0,753.0,0.4794,17.97,125.4,99.65
593,19.761,AGREE,1,0.9546,1204.2,615.23,132938.1,1026.67,428.03,1381.73,802.44,1,1248.0,624.5,1112.0,492.0,1384.0,757.0,0.5353,19.25,119.26,99.82
594,19.794,AGREE,1,0.9625,1212.78,613.1,133054.9,1035.19,425.79,1390.36,800.42,1,1254.0,622.5,1118.0,490.0,1390.0,755.0,0.5417,17.57,116.98,99.93
595,19.828,AGREE,1,0.9516,1219.1,610.76,132813.4,1041.25,424.06,1396.95,797.45,1,1260.0,620.0,1121.0,485.0,1399.0,755.0,0.5587,19.51,119.89,99.93
596,19.861,AGREE,1,0.9543,1222.25,608.66,133464.3,1043.33,422.16,1401.16,795.15,1,1263.0,618.0,1124.0,483.0,1402.0,753.0,0.5597,21.99,128.52,99.97
597,19.894,AGREE,1,0.9596,1226.3,607.57,135838.0,1043.69,421.61,1408.91,793.54,1,1264.0,617.0,1125.0,482.0,1403.0,752.0,0.5526,21.95,128.04,99.89
598,19.928,AGREE,1,0.9565,1230.62,607.98,139395.6,1044.34,420.9,1416.89,795.06,1,1266.0,618.0,1127.0,483.0,1405.0,753.0,0.5385,22.2,130.35,99.82
599,19.961,AGREE,1,0.962,1233.09,607.17,139497.4,1046.03,420.74,1420.16,793.6,1,1268.0,617.0,1129.0,482.0,1407.0,752.0,0.5381,20.69,122.23,99.86
600,19.994,AGREE,1,0.9552,1240.52,608.17,143784.9,1047.84,421.61,1433.2,794.73,1,1270.0,617.0,1131.0,482.0,1409.0,752.0,0.522,21.6,120.15,100.03
601,20.028,AGREE,1,0.9618,1250.2,608.22,149219.5,1050.2,421.69,1450.19,794.75,1,1272.0,617.5,1136.0,485.0,1408.0,750.0,0.483,22.19,124.17,100.63
602,20.061,AGREE,1,0.9611,1249.59,608.79,147379.6,1051.87,422.44,1447.31,795.14,1,1274.0,617.5,1138.0,485.0,1410.0,750.0,0.4891,21.51,127.34,101.92
603,20.094,AGREE,1,0.9609,1252.43,609.63,149733.7,1052.02,422.85,1452.84,796.41,1,1276.0,617.5,1140.0,485.0,1412.0,750.0,0.4814,17.14,128.38,103.85
604,20.128,AGREE,1,0.959,1252.83,611.26,151035.7,1052.04,423.21,1453.62,799.31,1,1278.0,618.0,1147.0,491.0,1409.0,745.0,0.4406,18.76,126.44,106.23
605,20.161,AGREE,1,0.9574,1252.4,612.61,150675.8,1052.24,424.41,1452.55,800.82,1,1280.5,619.5,1152.0,495.0,1409.0,744.0,0.4247,17.23,122.58,108.08
606,20.194,AGREE,1,0.955,1251.86,614.1,150421.2,1052.23,425.73,1451.49,802.48,1,1280.5,618.5,1152.0,494.0,1409.0,743.0,0.4254,17.13,125.53,108.37
607,20.228,AGREE,1,0.9541,1250.47,614.65,149735.6,1051.81,426.22,1449.13,803.08,1,1281.5,621.0,1158.0,501.0,1405.0,741.0,0.3959,17.61,125.14,107.71
608,20.261,AGREE,1,0.9523,1249.64,615.23,149877.9,1050.96,426.65,1448.33,803.82,1,1281.5,620.0,1163.0,505.0,1400.0,735.0,0.3637,23.85,124.97,107.58
609,20.294,AGREE,1,0.9544,1249.27,615.02,150857.8,1049.59,426.15,1448.96,803.89,1,1282.5,619.0,1166.0,506.0,1399.0,732.0,0.3491,22.37,123.63,107.65
610,20.327,AGREE,1,0.9562,1247.89,614.28,150038.6,1049.26,425.44,1446.51,803.13,1,1281.0,616.5,1167.0,506.0,1395.0,727.0,0.3358,21.86,121.37,107.77
611,20.361,AGREE,1,0.9553,1245.55,613.87,149134.1,1048.05,425.1,1443.05,802.65,1,1282.0,616.5,1170.0,508.0,1394.0,725.0,0.3259,23.49,122.54,108.31
612,20.394,AGREE,1,0.9548,1244.21,612.56,148261.6,1047.43,424.2,1440.99,800.92,1,1280.5,614.5,1171.0,508.0,1390.0,721.0,0.3146,20.77,119.33,108.65
613,20.427,AGREE,1,0.9559,1243.89,611.95,147867.9,1047.68,423.55,1440.11,800.35,1,1280.5,613.5,1171.0,507.0,1390.0,720.0,0.3155,23.55,118.78,108.88
614,20.461,AGREE,1,0.9586,1243.51,611.61,147523.7,1047.69,423.26,1439.32,799.95,1,1280.5,612.5,1173.0,508.0,1388.0,717.0,0.3046,23.57,121.68,109.27
615,20.494,AGREE,1,0.9596,1244.03,611.35,147894.2,1047.69,423.04,1440.38,799.66,1,1282.5,612.5,1175.0,508.0,1390.0,717.0,0.3038,24.73,120.31,109.25
616,20.527,AGREE,1,0.9607,1244.0,611.86,147941.2,1047.72,423.43,1440.28,800.29,1,1282.5,612.5,1175.0,508.0,1390.0,717.0,0.3037,23.6,124.56,109.12
617,20.561,DISAGREE,1,0.9548,1243.14,612.23,147017.3,1047.61,424.26,1438.68,800.19,1,1282.5,612.5,1177.0,510.0,1388.0,715.0,0.2942,23.84,128.96,109.09
618,20.594,DISAGREE,1,0.9534,1242.64,613.09,146308.1,1047.58,425.58,1437.7,800.61,1,1283.5,614.5,1178.0,512.0,1389.0,717.0,0.2956,19.51,127.12,109.33
619,20.627,DISAGREE,1,0.9561,1242.72,614.1,146407.8,1047.82,426.31,1437.63,801.9,1,1283.5,614.5,1178.0,512.0,1389.0,717.0,0.2954,17.56,125.0,109.38
620,20.661,DISAGREE,1,0.957,1242.94,614.64,146329.7,1048.21,426.79,1437.67,802.5,1,1283.5,615.5,1180.0,515.0,1387.0,716.0,0.2843,23.7,127.78,109.37
621,20.694,DISAGREE,1,0.9564,1244.05,614.95,146804.7,1048.54,427.22,1439.55,802.68,1,1283.5,615.5,1180.0,515.0,1387.0,716.0,0.2834,23.69,132.78,109.42
622,20.727,DISAGREE,1,0.9559,1244.5,614.95,146745.3,1049.09,427.21,1439.91,802.69,1,1283.5,615.5,1178.0,513.0,1389.0,718.0,0.2948,23.24,130.75,109.84
623,20.761,DISAGREE,1,0.9565,1244.7,615.01,147219.4,1048.66,427.26,1440.73,802.76,1,1283.5,616.5,1180.0,516.0,1387.0,717.0,0.2826,23.71,135.16,109.97
624,20.794,DISAGREE,1,0.9573,1244.79,615.01,147185.0,1048.72,427.35,1440.87,802.68,1,1283.5,615.5,1180.0,515.0,1387.0,716.0,0.2827,23.8,135.35,110.03
625,20.827,DISAGREE,1,0.9564,1245.48,615.05,147681.1,1048.97,427.17,1441.98,802.93,1,1284.5,615.5,1181.0,515.0,1388.0,716.0,0.2817,22.03,134.1,110.1
626,20.861,DISAGREE,1,0.9555,1245.6,615.17,147652.1,1049.15,427.27,1442.04,803.08,1,1284.5,615.5,1181.0,515.0,1388.0,716.0,0.2818,18.17,132.6,110.12
627,20.894,DISAGREE,1,0.956,1245.88,615.14,147655.5,1049.54,427.13,1442.22,803.15,1,1285.0,615.5,1184.0,517.0,1386.0,714.0,0.2695,17.45,133.76,110.14
628,20.927,DISAGREE,1,0.9563,1246.08,615.02,147786.5,1049.58,427.0,1442.58,803.05,1,1286.0,615.5,1187.0,519.0,1385.0,712.0,0.2586,23.67,134.19,110.17
629,20.961,DISAGREE,1,0.9553,1246.53,614.54,148475.3,1049.16,426.47,1443.9,802.61,1,1286.0,614.5,1185.0,516.0,1387.0,713.0,0.268,23.49,132.09,110.22
630,20.994,DISAGREE,1,0.957,1245.53,613.6,147422.6,1049.21,425.86,1441.84,801.34,1,1285.0,613.5,1184.0,515.0,1386.0,712.0,0.2699,22.9,130.57,110.05
631,21.027,DISAGREE,1,0.9565,1244.08,612.96,146845.9,1048.26,425.49,1439.91,800.43,1,1284.0,611.5,1185.0,515.0,1383.0,708.0,0.2602,22.12,127.91,109.87
632,21.061,DISAGREE,1,0.9569,1243.88,612.49,146854.6,1048.13,424.93,1439.64,800.04,1,1286.5,612.5,1183.0,512.0,1390.0,713.0,0.2833,22.02,125.26,109.63
633,21.094,DISAGREE,1,0.9545,1243.33,612.41,147083.3,1047.81,424.34,1438.85,800.48,1,1284.0,611.5,1183.0,513.0,1385.0,710.0,0.2706,18.78,128.62,109.18
634,21.127,DISAGREE,1,0.9539,1243.62,612.39,147334.8,1047.71,424.38,1439.52,800.41,1,1284.0,611.5,1183.0,513.0,1385.0,710.0,0.2701,23.72,127.65,108.81
635,21.161,DISAGREE,1,0.9526,1244.18,612.23,147566.3,1047.94,424.24,1440.42,800.22,1,1284.5,611.5,1181.0,511.0,1388.0,712.0,0.282,21.9,128.85,108.65
636,21.194,DISAGREE,1,0.9548,1244.35,611.87,147796.5,1048.08,423.61,1440.61,800.13,1,1285.0,610.5,1184.0,512.0,1386.0,709.0,0.2692,21.99,121.2,108.42
637,21.227,DISAGREE,1,0.955,1244.1,611.61,148008.5,1047.71,423.19,1440.48,800.02,1,1285.5,611.5,1182.0,511.0,1389.0,712.0,0.2811,22.58,127.12,108.23
638,21.261,DISAGREE,1,0.9534,1243.74,611.17,147718.7,1047.92,422.59,1439.57,799.75,1,1283.0,610.5,1182.0,512.0,1384.0,709.0,0.2694,17.68,127.84,107.52
639,21.294,DISAGREE,1,0.9546,1243.37,611.52,147346.8,1047.75,423.21,1438.99,799.82,1,1284.0,610.5,1183.0,512.0,1385.0,709.0,0.2701,16.76,123.96,107.32
640,21.327,DISAGREE,1,0.9526,1242.81,611.55,146808.0,1047.77,423.37,1437.85,799.73,1,1284.0,611.5,1183.0,513.0,1385.0,710.0,0.2711,23.63,123.08,107.21
641,21.361,DISAGREE,1,0.9527,1242.66,612.0,146916.3,1047.46,423.84,1437.85,800.17,1,1284.5,611.5,1181.0,511.0,1388.0,712.0,0.2832,20.55,121.44,107.09
642,21.394,DISAGREE,1,0.9551,1242.49,612.54,146564.8,1047.4,424.72,1437.57,800.36,1,1284.5,611.5,1181.0,511.0,1388.0,712.0,0.2839,22.12,118.92,107.02
643,21.427,DISAGREE,1,0.9548,1242.32,612.87,146325.7,1047.37,425.23,1437.28,800.51,1,1284.0,611.5,1183.0,513.0,1385.0,710.0,0.272,23.57,130.01,107.34
644,21.46,DISAGREE,1,0.9534,1242.85,613.42,146702.8,1047.62,425.57,1438.09,801.28,1,1285.0,612.5,1184.0,514.0,1386.0,711.0,0.2713,23.62,130.03,107.61
645,21.494,DISAGREE,1,0.9529,1242.79,613.58,146447.6,1047.72,425.89,1437.86,801.26,1,1284.0,612.5,1183.0,514.0,1385.0,711.0,0.2717,23.82,129.99,107.7
646,21.527,DISAGREE,1,0.9533,1242.82,613.73,146728.6,1047.53,425.89,1438.1,801.56,1,1285.0,613.5,1184.0,515.0,1386.0,712.0,0.2712,23.85,127.44,107.81
647,21.56,DISAGREE,1,0.9501,1242.4,613.44,146249.1,1047.49,425.86,1437.31,801.02,1,1285.5,613.5,1180.0,511.0,1391.0,716.0,0.2958,24.23,128.14,107.89
648,21.594,DISAGREE,1,0.9488,1242.36,613.25,146156.3,1047.25,425.97,1437.47,800.52,1,1284.5,612.5,1181.0,512.0,1388.0,713.0,0.2847,24.23,130.01,107.91
649,21.627,DISAGREE,1,0.9471,1242.11,612.67,146382.3,1047.06,425.05,1437.16,800.29,1,1283.5,612.5,1180.0,512.0,1387.0,713.0,0.2842,24.34,129.53,107.97
650,21.66,DISAGREE,1,0.9491,1241.98,612.59,146458.2,1047.2,424.61,1436.76,800.57,1,1282.0,611.5,1181.0,513.0,1383.0,710.0,0.2717,23.97,133.28,108.01
651,21.694,DISAGREE,1,0.9536,1242.02,612.0,146272.8,1047.42,424.08,1436.61,799.92,1,1283.5,611.5,1180.0,511.0,1387.0,712.0,0.2844,23.81,131.32,108.05
652,21.727,DISAGREE,1,0.954,1241.9,611.29,146256.5,1047.26,423.43,1436.54,799.15,1,1282.0,610.5,1183.0,514.0,1381.0,707.0,0.2613,24.66,132.19,108.07
653,21.76,DISAGREE,1,0.954,1241.52,610.73,145890.6,1046.92,423.3,1436.11,798.16,1,1283.5,610.5,1186.0,516.0,1381.0,705.0,0.2526,24.33,126.95,108.08
654,21.794,DISAGREE,1,0.9544,1241.06,610.49,145848.0,1046.49,423.09,1435.62,797.89,1,1283.0,610.5,1182.0,512.0,1384.0,709.0,0.2728,22.91,133.05,108.14
655,21.827,DISAGREE,1,0.9528,1240.43,610.57,145521.9,1046.36,423.1,1434.49,798.04,1,1281.0,609.5,1180.0,511.0,1382.0,708.0,0.2735,22.77,132.81,108.11
656,21.86,DISAGREE,1,0.952,1240.61,610.79,145972.3,1046.32,422.97,1434.9,798.62,1,1281.0,609.5,1180.0,511.0,1382.0,708.0,0.2726,16.23,125.53,108.11
657,21.894,DISAGREE,1,0.9526,1240.91,611.33,145641.1,1046.7,423.85,1435.12,798.81,1,1281.5,610.5,1178.0,510.0,1385.0,711.0,0.2857,22.86,112.27,108.09
658,21.927,DISAGREE,1,0.9529,1240.83,611.31,146087.5,1046.39,423.47,1435.27,799.14,1,1281.5,610.5,1178.0,510.0,1385.0,711.0,0.2848,21.23,107.72,108.09
659,21.96,DISAGREE,1,0.9548,1241.04,611.31,146077.7,1046.76,423.33,1435.31,799.29,1,1282.5,610.5,1179.0,510.0,1386.0,711.0,0.2848,23.7,116.88,108.08
660,21.994,DISAGREE,1,0.9525,1241.27,610.33,145504.7,1047.23,422.87,1435.31,797.8,1,1282.0,609.5,1181.0,511.0,1383.0,708.0,0.2735,23.76,127.57,108.27
661,22.027,DISAGREE,1,0.9547,1241.25,610.25,145390.0,1047.16,422.98,1435.33,797.53,1,1282.0,609.5,1181.0,511.0,1383.0,708.0,0.2737,17.63,131.55,108.46
662,22.06,DISAGREE,1,0.9558,1241.49,610.73,146016.9,1047.33,422.72,1435.64,798.75,1,1283.0,610.5,1182.0,512.0,1384.0,709.0,0.2725,23.59,130.87,108.71
663,22.094,DISAGREE,1,0.955,1241.54,611.33,146269.1,1047.24,423.13,1435.84,799.53,1,1282.0,610.5,1183.0,514.0,1381.0,707.0,0.2613,23.65,133.38,108.77
664,22.127,DISAGREE,1,0.9525,1241.67,612.23,146244.0,1047.27,424.16,1436.07,800.3,1,1284.5,611.5,1187.0,517.0,1382.0,706.0,0.252,17.91,128.38,109.0
665,22.16,DISAGREE,1,0.9503,1239.22,613.63,145810.4,1045.68,425.29,1432.76,801.98,1,1284.0,610.5,1183.0,512.0,1385.0,709.0,0.2729,23.19,132.96,109.14
666,22.194,DISAGREE,1,0.9467,1241.46,612.61,145750.7,1047.26,424.98,1435.65,800.25,1,1283.0,610.5,1184.0,514.0,1382.0,707.0,0.2622,22.99,130.49,109.27
667,22.227,DISAGREE,1,0.9481,1241.56,612.63,145740.8,1047.34,425.04,1435.78,800.23,1,1284.0,611.5,1185.0,515.0,1383.0,708.0,0.2622,18.33,128.78,109.36
668,22.26,DISAGREE,1,0.9503,1241.27,612.8,145439.1,1047.13,425.51,1435.41,800.09,1,1283.0,610.5,1184.0,514.0,1382.0,707.0,0.2627,23.04,127.19,109.89
669,22.294,DISAGREE,1,0.9497,1241.2,612.91,145151.2,1047.34,425.72,1435.07,800.09,1,1284.0,611.5,1183.0,513.0,1385.0,710.0,0.2742,23.42,125.5,110.04
670,22.327,DISAGREE,1,0.9479,1241.65,612.95,145309.3,1047.47,425.87,1435.84,800.03,1,1283.0,610.5,1184.0,514.0,1382.0,707.0,0.263,24.89,133.13,110.15
671,22.36,DISAGREE,1,0.9487,1241.47,613.08,145170.9,1047.44,426.03,1435.5,800.14,1,1284.0,611.5,1185.0,515.0,1383.0,708.0,0.2632,23.04,135.61,110.21
672,22.394,DISAGREE,1,0.9492,1241.36,613.03,145031.5,1047.54,425.96,1435.18,800.11,1,1284.0,611.5,1185.0,515.0,1383.0,708.0,0.2635,23.6,131.76,110.26
673,22.427,DISAGREE,1,0.9542,1241.36,612.24,145460.5,1047.46,424.69,1435.26,799.78,1,1283.0,610.5,1182.0,512.0,1384.0,709.0,0.2736,23.86,127.78,110.3
674,22.46,DISAGREE,1,0.9553,1241.57,611.84,145913.0,1047.31,424.05,1435.83,799.62,1,1282.0,609.5,1183.0,513.0,1381.0,706.0,0.2619,23.72,130.29,110.31
675,22.494,DISAGREE,1,0.9549,1241.35,611.66,145631.0,1046.91,424.42,1435.8,798.9,1,1283.0,610.5,1184.0,514.0,1382.0,707.0,0.2624,23.81,126.39,110.34
676,22.527,DISAGREE,1,0.9531,1241.24,611.48,145805.3,1046.91,423.92,1435.58,799.05,1,1283.0,610.5,1182.0,512.0,1384.0,709.0,0.2729,23.76,129.71,110.34
677,22.56,DISAGREE,1,0.9513,1241.13,610.92,145924.6,1046.61,423.38,1435.66,798.46,1,1283.0,609.5,1182.0,511.0,1384.0,708.0,0.2727,23.86,131.53,110.15
678,22.593,DISAGREE,1,0.9514,1241.59,610.8,145593.3,1047.25,423.51,1435.94,798.09,1,1283.0,609.5,1184.0,513.0,1382.0,706.0,0.2625,21.57,130.33,110.01
679,22.627,DISAGREE,1,0.9532,1242.37,610.65,145831.4,1047.62,423.45,1437.13,797.84,1,1284.0,610.5,1183.0,512.0,1385.0,709.0,0.2729,19.07,127.36,109.92
680,22.66,DISAGREE,1,0.9567,1242.96,610.95,146176.0,1047.84,423.66,1438.09,798.23,1,1283.0,609.5,1182.0,511.0,1384.0,708.0,0.2722,21.65,122.37,109.83
681,22.693,DISAGREE,1,0.9577,1243.71,611.22,146594.6,1047.99,423.98,1439.44,798.47,1,1284.0,609.5,1183.0,511.0,1385.0,708.0,0.2715,23.9,123.21,109.79
682,22.727,DISAGREE,1,0.9588,1243.68,611.69,146698.1,1048.08,424.19,1439.28,799.19,1,1285.0,609.5,1184.0,511.0,1386.0,708.0,0.2713,21.66,132.56,109.77
683,22.76,DISAGREE,1,0.9593,1243.66,611.82,146497.2,1048.16,424.48,1439.17,799.15,1,1285.0,609.5,1186.0,513.0,1384.0,706.0,0.2609,21.8,127.7,109.72
684,22.793,DISAGREE,1,0.958,1242.99,612.16,146075.0,1048.17,424.72,1437.82,799.6,1,1286.0,609.5,1187.0,513.0,1385.0,706.0,0.2616,21.58,125.65,109.69
685,22.827,DISAGREE,1,0.9563,1244.13,612.79,146012.0,1049.12,425.59,1439.13,799.98,1,1287.0,611.5,1186.0,513.0,1388.0,710.0,0.2725,23.7,127.61,109.69
686,22.86,DISAGREE,1,0.9556,1244.12,612.92,145930.3,1049.27,425.68,1438.96,800.15,1,1286.0,610.5,1185.0,512.0,1387.0,709.0,0.2727,21.37,126.44,109.68
687,22.893,DISAGREE,1,0.9542,1243.75,612.83,145927.2,1048.91,425.6,1438.6,800.07,1,1286.0,610.5,1185.0,512.0,1387.0,709.0,0.2727,21.36,128.16,109.68
688,22.927,DISAGREE,1,0.9561,1243.93,612.48,146553.4,1048.61,424.89,1439.24,800.07,1,1286.5,609.5,1189.0,515.0,1384.0,704.0,0.2515,17.57,125.53,109.67
689,22.96,DISAGREE,1,0.9596,1244.43,612.14,146805.0,1048.7,424.63,1440.16,799.66,1,1287.5,610.5,1190.0,516.0,1385.0,705.0,0.251,17.43,120.54,109.68
690,22.993,DISAGREE,1,0.9585,1244.79,611.65,146965.4,1048.63,424.35,1440.96,798.94,1,1286.0,609.5,1187.0,513.0,1385.0,706.0,0.26,17.13,125.47,109.61
691,23.027,DISAGREE,1,0.9586,1244.95,611.47,146804.8,1049.25,423.93,1440.65,799.01,1,1287.0,609.5,1186.0,511.0,1388.0,708.0,0.2711,21.35,125.12,109.63
692,23.06,DISAGREE,1,0.9586,1246.64,611.73,147615.8,1050.08,423.99,1443.21,799.47,1,1287.5,608.5,1190.0,514.0,1385.0,703.0,0.2497,21.51,128.07,109.66
693,23.093,DISAGREE,1,0.9583,1247.86,611.84,148474.5,1050.35,423.91,1445.37,799.77,1,1290.5,610.5,1195.0,518.0,1386.0,703.0,0.238,23.57,132.31,109.68
694,23.127,DISAGREE,1,0.9575,1248.15,612.28,147890.8,1051.01,424.74,1445.29,799.83,1,1290.5,608.5,1193.0,514.0,1388.0,703.0,0.2492,19.0,130.25,109.65
695,23.16,DISAGREE,1,0.953,1249.79,613.37,147660.8,1051.95,426.78,1447.64,799.96,1,1292.0,611.5,1193.0,515.0,1391.0,708.0,0.2588,23.48,90.53,104.57
696,23.193,DISAGREE,1,0.955,1249.45,613.67,147753.1,1052.05,426.55,1446.86,800.79,1,1292.5,611.5,1197.0,519.0,1388.0,704.0,0.2391,23.7,100.32,104.57
697,23.227,DISAGREE,1,0.9571,1250.52,613.87,148557.0,1052.36,426.45,1448.68,801.28,1,1291.5,610.5,1194.0,516.0,1389.0,705.0,0.2481,23.73,110.47,105.02
698,23.26,DISAGREE,1,0.9578,1250.19,614.0,148024.7,1052.4,426.9,1447.98,801.1,1,1291.0,611.5,1192.0,515.0,1390.0,708.0,0.2582,23.64,119.04,105.47
699,23.293,DISAGREE,1,0.9574,1251.21,613.47,148846.9,1052.29,426.41,1450.13,800.54,1,1291.0,611.5,1190.0,513.0,1392.0,710.0,0.2673,24.56,120.07,106.14
700,23.327,DISAGREE,1,0.9555,1250.61,612.83,148336.5,1052.43,425.71,1448.8,799.95,1,1291.0,611.5,1190.0,513.0,1392.0,710.0,0.2683,22.59,118.9,104.72
701,23.36,DISAGREE,1,0.9572,1252.05,612.41,149403.2,1052.91,424.86,1451.2,799.96,1,1292.0,610.5,1191.0,512.0,1393.0,709.0,0.2664,23.79,122.22,106.03
702,23.393,DISAGREE,1,0.948,1252.84,612.22,149328.3,1053.83,424.63,1451.84,799.82,1,1292.0,610.5,1191.0,512.0,1393.0,709.0,0.2665,22.25,118.44,106.05
703,23.427,DISAGREE,1,0.9499,1253.41,611.95,149414.9,1054.57,424.09,1452.25,799.81,1,1294.0,610.5,1193.0,512.0,1395.0,709.0,0.2663,23.78,119.39,106.54
704,23.46,DISAGREE,1,0.953,1254.18,611.98,150208.2,1054.48,423.93,1453.87,800.03,1,1294.0,610.5,1193.0,512.0,1395.0,709.0,0.2649,18.24,123.52,107.3
705,23.493,DISAGREE,1,0.9548,1253.8,611.86,149807.8,1054.6,423.84,1452.99,799.88,1,1294.0,609.5,1195.0,513.0,1393.0,706.0,0.2551,21.4,121.93,108.03
706,23.527,DISAGREE,1,0.9528,1254.07,611.15,150200.2,1054.89,422.62,1453.24,799.68,1,1295.0,609.5,1196.0,513.0,1394.0,706.0,0.2544,21.69,120.45,107.67
707,23.56,DISAGREE,1,0.9559,1254.45,611.03,150060.6,1054.98,422.95,1453.91,799.1,1,1295.5,608.5,1198.0,514.0,1393.0,703.0,0.2456,16.45,121.13,108.11
708,23.593,DISAGREE,1,0.9545,1254.21,610.86,149795.3,1055.04,422.84,1453.39,798.88,1,1297.0,608.5,1198.0,512.0,1396.0,705.0,0.2551,21.41,121.86,107.15
709,23.627,DISAGREE,1,0.9526,1253.46,610.75,149490.2,1055.09,422.36,1451.84,799.15,1,1297.0,608.5,1198.0,512.0,1396.0,705.0,0.2556,22.11,114.84,104.99
710,23.66,DISAGREE,1,0.9565,1253.77,611.12,149578.7,1055.19,422.81,1452.35,799.43,1,1297.0,608.5,1198.0,512.0,1396.0,705.0,0.2555,25.18,114.88,103.06
711,23.693,DISAGREE,1,0.9483,1254.81,611.4,150155.5,1055.55,423.01,1454.08,799.78,1,1298.5,608.5,1201.0,514.0,1396.0,703.0,0.2454,21.65,115.97,104.16
712,23.726,DISAGREE,1,0.9513,1255.25,611.54,150072.6,1055.93,423.3,1454.57,799.77,1,1299.0,609.5,1200.0,513.0,1398.0,706.0,0.2546,21.68,113.64,102.77
713,23.76,DISAGREE,1,0.9518,1255.17,611.67,149466.4,1056.4,423.68,1453.94,799.65,1,1299.0,609.5,1200.0,513.0,1398.0,706.0,0.2557,22.4,114.84,102.79
714,23.793,DISAGREE,1,0.952,1254.29,611.62,148280.6,1056.71,424.0,1451.87,799.24,1,1299.5,608.5,1202.0,514.0,1397.0,703.0,0.2485,16.56,111.14,97.4
715,23.826,DISAGREE,1,0.9563,1254.61,611.43,148749.5,1056.63,423.59,1452.59,799.26,1,1300.5,608.5,1203.0,514.0,1398.0,703.0,0.2478,16.75,118.25,103.93
716,23.86,DISAGREE,1,0.9566,1254.54,611.47,148479.5,1056.81,423.74,1452.28,799.2,1,1300.5,608.5,1203.0,514.0,1398.0,703.0,0.2482,21.75,124.45,106.24
717,23.893,DISAGREE,1,0.9558,1254.95,611.49,149010.7,1056.58,423.69,1453.31,799.29,1,1300.5,607.5,1203.0,513.0,1398.0,702.0,0.2473,22.23,129.65,108.73
718,23.926,DISAGREE,1,0.9559,1255.26,611.46,149032.7,1056.94,423.58,1453.57,799.34,1,1300.5,607.5,1203.0,513.0,1398.0,702.0,0.2473,22.36,135.88,112.16
719,23.96,DISAGREE,1,0.958,1255.34,611.28,149314.9,1056.63,423.43,1454.05,799.13,1,1301.5,607.5,1204.0,513.0,1399.0,702.0,0.2468,22.35,138.44,115.37
720,23.993,DISAGREE,1,0.9564,1256.21,611.0,150124.2,1056.49,423.08,1455.93,798.92,1,1301.0,608.5,1200.0,510.0,1402.0,707.0,0.2651,22.91,147.26,115.78
721,24.026,DISAGREE,1,0.9574,1255.82,610.69,149544.3,1056.66,422.96,1454.97,798.41,1,1301.0,607.5,1202.0,511.0,1400.0,704.0,0.2555,21.78,149.86,115.66
722,24.06,DISAGREE,1,0.9578,1255.77,610.35,149254.8,1056.7,422.9,1454.83,797.8,1,1300.5,606.5,1203.0,512.0,1398.0,701.0,0.2469,21.58,154.58,115.8
723,24.093,DISAGREE,1,0.9563,1255.41,609.98,148835.1,1056.62,422.8,1454.21,797.15,1,1301.5,606.5,1204.0,512.0,1399.0,701.0,0.2476,22.61,156.75,115.73
724,24.126,DISAGREE,1,0.9545,1255.25,610.72,148405.5,1057.15,423.43,1453.35,798.0,1,1301.5,606.0,1208.0,515.0,1395.0,697.0,0.2293,21.66,138.34,115.41
725,24.16,DISAGREE,1,0.9571,1255.22,609.62,147782.3,1057.19,423.05,1453.25,796.18,1,1302.5,605.5,1207.0,513.0,1398.0,698.0,0.2391,18.18,141.11,115.29
726,24.193,DISAGREE,1,0.9534,1255.48,609.68,147938.5,1057.69,422.69,1453.27,796.67,1,1301.5,604.0,1210.0,515.0,1393.0,693.0,0.2202,23.02,146.64,115.03
727,24.226,DISAGREE,1,0.9548,1255.75,609.21,147825.9,1057.58,422.71,1453.92,795.7,1,1303.5,605.0,1210.0,514.0,1397.0,696.0,0.2302,23.27,150.11,114.88
728,24.26,DISAGREE,1,0.9537,1255.96,609.01,147740.2,1057.78,422.64,1454.15,795.38,1,1303.5,604.5,1208.0,512.0,1399.0,697.0,0.2392,23.57,148.86,114.77
729,24.293,DISAGREE,1,0.9499,1257.95,608.82,148426.0,1059.19,422.13,1456.7,795.52,1,1302.5,603.0,1211.0,514.0,1394.0,692.0,0.2195,23.64,145.15,114.68
730,24.326,DISAGREE,1,0.9558,1257.78,608.17,148059.6,1059.29,421.69,1456.28,794.65,1,1304.5,603.5,1209.0,511.0,1400.0,696.0,0.2387,22.92,141.65,114.56
731,24.36,DISAGREE,1,0.9532,1257.65,607.24,148098.0,1059.68,420.22,1455.61,794.27,1,1303.5,603.0,1210.0,512.0,1397.0,694.0,0.2298,20.41,144.71,114.5
732,24.393,DISAGREE,1,0.9498,1258.01,606.31,148007.4,1059.61,419.8,1456.4,792.81,1,1303.5,602.5,1208.0,510.0,1399.0,695.0,0.2387,22.84,151.08,114.25
733,24.426,DISAGREE,1,0.9527,1257.51,605.64,147860.9,1059.67,418.79,1455.35,792.48,1,1303.5,602.0,1210.0,511.0,1397.0,693.0,0.2302,23.12,145.87,114.08
734,24.46,DISAGREE,1,0.9484,1257.58,605.06,148228.4,1059.62,417.86,1455.54,792.25,1,1303.5,600.5,1208.0,508.0,1399.0,693.0,0.2384,22.97,139.04,113.96
735,24.493,DISAGREE,1,0.9451,1257.36,604.99,148216.1,1059.64,417.58,1455.07,792.4,1,1303.5,600.0,1210.0,509.0,1397.0,691.0,0.2296,23.06,142.09,113.74
736,24.526,DISAGREE,1,0.9423,1257.88,604.55,148532.1,1059.61,417.27,1456.16,791.83,1,1304.5,599.5,1209.0,507.0,1400.0,692.0,0.2379,18.83,144.57,113.65
737,24.56,DISAGREE,1,0.9463,1257.35,604.1,148125.4,1059.34,417.07,1455.36,791.12,1,1303.5,600.0,1210.0,509.0,1397.0,691.0,0.2298,22.95,147.62,113.87
738,24.593,DISAGREE,1,0.949,1257.05,603.88,147593.0,1059.5,417.1,1454.6,790.66,1,1304.5,599.5,1209.0,507.0,1400.0,692.0,0.2394,22.95,151.01,114.24
739,24.626,DISAGREE,1,0.9444,1258.97,603.39,148228.5,1060.42,416.75,1457.52,790.03,1,1305.5,599.0,1212.0,508.0,1399.0,690.0,0.2296,21.72,147.97,114.53
740,24.66,DISAGREE,1,0.9453,1259.12,603.27,147192.0,1062.49,416.13,1455.76,790.41,1,1306.5,599.5,1211.0,507.0,1402.0,692.0,0.2401,17.9,143.44,114.75
741,24.693,DISAGREE,1,0.9425,1260.99,603.73,148868.5,1062.94,415.81,1459.03,791.65,1,1308.5,599.5,1213.0,507.0,1404.0,692.0,0.2374,20.47,148.95,114.95
742,24.726,DISAGREE,1,0.9405,1262.06,604.8,149407.1,1063.17,417.0,1460.95,792.6,1,1309.5,601.0,1218.0,512.0,1401.0,690.0,0.218,18.74,149.05,114.99
743,24.76,DISAGREE,1,0.9409,1262.31,606.76,150305.9,1062.9,418.33,1461.73,795.2,1,1311.5,602.5,1216.0,510.0,1407.0,695.0,0.2351,22.99,151.52,115.02
744,24.793,DISAGREE,1,0.9437,1261.51,608.93,152263.7,1060.94,419.14,1462.08,798.72,1,1311.0,602.5,1221.0,515.0,1401.0,690.0,0.2069,23.19,148.21,115.17
745,24.826,DISAGREE,1,0.9455,1260.87,609.11,153001.4,1059.44,419.22,1462.31,799.0,1,1311.5,604.5,1227.0,522.0,1396.0,687.0,0.1823,17.33,142.97,115.32
746,24.859,DISAGREE,1,0.9459,1258.66,609.06,153483.1,1056.99,418.8,1460.33,799.33,1,1309.5,603.0,1223.0,519.0,1396.0,687.0,0.1894,23.66,143.86,115.47
747,24.893,DISAGREE,1,0.9499,1256.98,609.17,153590.2,1055.39,418.69,1458.56,799.65,1,1309.0,603.5,1226.0,523.0,1392.0,684.0,0.174,23.65,144.73,115.6
748,24.926,DISAGREE,1,0.9517,1254.5,608.83,152823.6,1054.3,417.99,1454.71,799.66,1,1306.5,602.0,1225.0,523.0,1388.0,681.0,0.1685,24.36,147.19,115.68
749,24.959,DISAGREE,1,0.9477,1250.91,607.94,152314.9,1051.67,416.82,1450.15,799.06,1,1303.0,600.5,1223.0,523.0,1383.0,678.0,0.1628,24.22,145.13,115.79
750,24.993,DISAGREE,1,0.9515,1248.18,605.59,151509.3,1048.89,415.52,1447.47,795.65,1,1300.0,597.5,1217.0,517.0,1383.0,678.0,0.1764,24.26,140.68,115.48
751,25.026,DISAGREE,1,0.9442,1246.57,604.77,151814.7,1046.62,414.95,1446.51,794.59,1,1298.5,598.0,1217.0,519.0,1380.0,677.0,0.1696,23.8,133.47,115.59
752,25.059,DISAGREE,1,0.9486,1242.33,604.2,151260.1,1043.35,414.15,1441.31,794.25,1,1293.5,595.5,1209.0,513.0,1378.0,678.0,0.1844,21.68,135.54,115.73
753,25.093,DISAGREE,1,0.9479,1238.4,604.26,151043.5,1039.19,414.71,1437.61,793.82,1,1291.5,595.0,1210.0,516.0,1373.0,674.0,0.1705,17.79,139.33,115.82
754,25.126,DISAGREE,1,0.9478,1233.61,604.53,151605.1,1034.41,414.27,1432.82,794.79,1,1287.0,593.5,1204.0,513.0,1370.0,674.0,0.1763,18.1,142.73,115.87
755,25.159,DISAGREE,1,0.9483,1230.59,604.61,151051.0,1032.06,414.4,1429.12,794.83,1,1285.5,595.0,1204.0,516.0,1367.0,674.0,0.1705,24.43,149.99,115.89
756,25.193,DISAGREE,1,0.9488,1226.77,605.45,150894.6,1028.83,414.87,1424.72,796.03,1,1281.5,593.0,1200.0,514.0,1363.0,672.0,0.1707,21.61,146.26,115.91
757,25.226,DISAGREE,1,0.9535,1220.28,605.9,150282.6,1023.29,415.18,1417.28,796.62,1,1278.0,592.5,1195.0,512.0,1361.0,673.0,0.1778,21.35,138.88,115.98
758,25.259,DISAGREE,1,0.9482,1214.81,606.22,150613.3,1017.48,415.41,1412.14,797.03,1,1274.5,593.0,1193.0,514.0,1356.0,672.0,0.171,17.24,127.57,116.02
759,25.293,DISAGREE,1,0.952,1206.9,605.44,151099.8,1009.28,414.29,1404.52,796.59,1,1264.0,594.5,1184.0,517.0,1344.0,672.0,0.1641,21.62,124.75,116.07
760,25.326,DISAGREE,1,0.9556,1203.13,604.15,150907.7,1004.66,414.06,1401.6,794.24,1,1257.0,594.5,1174.0,514.0,1340.0,675.0,0.1771,20.96,119.66,116.16
761,25.359,DISAGREE,1,0.947,1196.12,604.59,150988.0,997.83,414.23,1394.42,794.95,1,1249.5,596.5,1165.0,514.0,1334.0,679.0,0.1847,21.79,112.48,116.09
762,25.393,DISAGREE,1,0.9459,1189.28,607.09,153256.3,989.02,415.77,1389.55,798.41,1,1240.5,597.5,1156.0,515.0,1325.0,680.0,0.182,18.19,112.21,116.06
763,25.426,DISAGREE,1,0.9326,1181.64,608.14,152197.3,982.98,416.62,1380.31,799.67,1,1236.0,595.5,1148.0,510.0,1324.0,681.0,0.1977,21.76,108.32,115.97
764,25.459,DISAGREE,1,0.9313,1176.16,608.61,152292.7,977.37,417.08,1374.94,800.14,1,1233.5,596.0,1142.0,507.0,1325.0,685.0,0.2139,22.78,106.59,115.92
765,25.493,DISAGREE,1,0.9303,1172.34,609.29,153619.9,973.07,416.56,1371.61,802.02,1,1230.5,597.0,1137.0,506.0,1324.0,688.0,0.2215,15.48,109.41,115.97
766,25.526,DISAGREE,1,0.9313,1172.15,608.95,153339.9,972.86,416.59,1371.43,801.31,1,1226.5,598.0,1135.0,509.0,1318.0,687.0,0.2124,17.51,115.88,116.03
767,25.559,DISAGREE,1,0.9293,1171.53,607.8,153843.5,971.73,415.31,1371.33,800.3,1,1226.5,598.5,1131.0,506.0,1322.0,691.0,0.2297,21.89,120.32,116.09
768,25.593,DISAGREE,1,0.9321,1170.63,607.0,154246.3,970.77,414.06,1370.5,799.94,1,1223.5,596.5,1128.0,504.0,1319.0,689.0,0.2291,24.76,125.87,116.25
769,25.626,DISAGREE,1,0.9353,1168.8,605.11,154230.2,968.68,412.45,1368.93,797.78,1,1222.5,596.5,1125.0,502.0,1320.0,691.0,0.239,24.74,127.67,116.24
770,25.659,DISAGREE,1,0.9348,1165.06,604.65,154507.7,964.16,412.38,1365.96,796.92,1,1218.5,594.5,1121.0,500.0,1316.0,689.0,0.2385,21.78,133.68,116.31
771,25.693,DISAGREE,1,0.942,1161.66,601.81,155189.8,960.27,409.17,1363.06,794.46,1,1215.0,591.5,1116.0,495.0,1314.0,688.0,0.2462,22.4,127.25,116.42
772,25.726,DISAGREE,1,0.9433,1156.81,599.0,154570.2,956.74,405.85,1356.88,792.14,1,1209.0,590.5,1108.0,492.0,1310.0,689.0,0.2574,18.06,116.54,116.48
773,25.759,DISAGREE,1,0.9342,1151.8,594.91,153671.2,951.66,402.95,1351.94,786.86,1,1199.5,589.5,1094.0,487.0,1305.0,692.0,0.2815,24.47,111.54,116.61
774,25.793,DISAGREE,1,0.9297,1143.95,592.44,154549.8,942.98,400.18,1344.91,784.7,1,1193.5,585.5,1088.0,483.0,1299.0,688.0,0.2799,24.41,111.15,116.72
775,25.826,DISAGREE,1,0.9439,1137.43,590.38,154140.9,936.34,398.75,1338.51,782.02,1,1182.5,585.5,1075.0,481.0,1290.0,690.0,0.2915,23.9,109.09,116.82
776,25.859,DISAGREE,1,0.9465,1129.36,588.13,156612.0,926.49,395.13,1332.22,781.13,1,1176.5,581.5,1069.0,477.0,1284.0,686.0,0.2869,24.4,111.04,117.03
777,25.893,DISAGREE,1,0.9382,1123.29,587.87,157147.5,920.67,393.98,1325.91,781.76,1,1172.5,580.5,1065.0,476.0,1280.0,685.0,0.2859,24.33,112.08,117.25
778,25.926,DISAGREE,1,0.9392,1118.07,588.54,158796.2,913.68,394.31,1322.46,782.77,1,1170.5,579.5,1063.0,475.0,1278.0,684.0,0.283,24.7,103.23,117.32
779,25.959,DISAGREE,1,0.9412,1116.28,590.82,160552.9,911.74,394.58,1320.82,787.06,1,1169.5,580.5,1062.0,476.0,1277.0,685.0,0.2799,23.14,113.9,117.38
780,25.993,DISAGREE,1,0.939,1115.46,591.57,160763.0,911.06,394.94,1319.86,788.2,1,1169.5,581.5,1064.0,479.0,1275.0,684.0,0.2691,22.5,114.39,117.43
781,26.026,DISAGREE,1,0.9427,1114.7,592.64,161105.9,910.63,395.28,1318.78,790.01,1,1168.5,581.5,1065.0,481.0,1272.0,682.0,0.2583,19.0,110.28,117.55
782,26.059,DISAGREE,1,0.9439,1114.14,593.92,160727.6,910.15,396.94,1318.12,790.9,1,1167.0,581.5,1066.0,483.0,1268.0,680.0,0.2476,21.35,108.42,117.56
783,26.092,DISAGREE,1,0.9422,1113.5,595.24,160039.1,909.92,398.7,1317.07,791.77,1,1166.5,580.5,1069.0,486.0,1264.0,675.0,0.2303,22.23,103.94,117.67
784,26.126,DISAGREE,1,0.9399,1112.71,595.49,159154.9,909.77,399.43,1315.65,791.55,1,1166.0,581.5,1067.0,485.0,1265.0,678.0,0.2401,21.44,115.02,117.8
785,26.159,DISAGREE,1,0.9356,1111.54,594.74,158871.3,908.5,399.12,1314.58,790.35,1,1165.0,581.5,1064.0,483.0,1266.0,680.0,0.2505,17.4,119.72,117.94
786,26.192,DISAGREE,1,0.9335,1111.46,593.75,158170.7,909.08,398.36,1313.84,789.14,1,1163.5,581.5,1060.0,481.0,1267.0,682.0,0.2631,16.8,115.71,118.05
787,26.226,DISAGREE,1,0.9367,1112.31,590.55,156968.2,910.04,396.54,1314.58,784.56,1,1163.5,580.5,1060.0,480.0,1267.0,681.0,0.2651,23.8,118.8,118.25
788,26.259,DISAGREE,1,0.9435,1115.18,588.41,157299.0,912.31,394.57,1318.05,782.25,1,1163.5,579.5,1058.0,477.0,1269.0,682.0,0.275,18.62,122.15,118.41
789,26.292,DISAGREE,1,0.941,1115.06,586.66,156998.4,911.81,393.55,1318.31,779.77,1,1164.5,579.5,1059.0,477.0,1270.0,682.0,0.2755,21.73,115.1,118.58
790,26.326,DISAGREE,1,0.9397,1120.22,586.12,158116.9,915.88,392.67,1324.55,779.57,1,1169.5,579.5,1062.0,475.0,1277.0,684.0,0.2842,22.22,101.73,118.65
791,26.359,DISAGREE,1,0.9491,1128.48,584.6,158455.5,924.02,390.86,1332.95,778.34,1,1173.5,579.5,1068.0,477.0,1279.0,682.0,0.273,22.87,98.33,118.75
792,26.392,DISAGREE,1,0.949,1134.55,584.15,157512.3,931.56,390.15,1337.53,778.15,1,1183.5,575.5,1080.0,475.0,1287.0,676.0,0.2642,21.69,90.44,118.85
793,26.426,DISAGREE,1,0.9437,1142.5,582.36,159073.6,937.85,388.03,1347.15,776.69,1,1192.0,571.5,1093.0,475.0,1291.0,668.0,0.2402,17.43,94.24,118.8
794,26.459,DISAGREE,1,0.9392,1154.68,580.4,161559.2,947.48,385.47,1361.87,775.34,1,1204.5,569.5,1101.0,469.0,1308.0,670.0,0.2575,17.06,88.87,118.86
795,26.492,DISAGREE,1,0.942,1163.57,578.68,162414.7,956.76,382.34,1370.38,775.01,1,1209.5,569.5,1104.0,467.0,1315.0,672.0,0.2663,19.04,85.04,118.83
796,26.526,DISAGREE,1,0.9305,1168.76,575.15,161935.8,960.76,380.52,1376.76,769.79,1,1220.0,565.5,1119.0,467.0,1321.0,664.0,0.2457,20.17,88.2,118.79
797,26.559,DISAGREE,1,0.9397,1179.13,576.0,161569.1,972.79,380.25,1385.47,771.75,1,1231.0,563.5,1132.0,467.0,1330.0,660.0,0.2365,17.27,87.65,118.64
798,26.592,DISAGREE,1,0.9454,1187.15,574.65,161028.8,981.57,378.84,1392.74,770.47,1,1239.5,561.5,1142.0,467.0,1337.0,656.0,0.2289,23.87,90.74,118.42
799,26.626,DISAGREE,1,0.9527,1194.76,574.89,162048.6,987.89,379.05,1401.63,770.72,1,1248.0,561.5,1149.0,465.0,1347.0,658.0,0.2358,24.03,102.77,118.3
800,26.659,DISAGREE,1,0.9521,1201.86,575.36,162319.3,995.06,379.13,1408.65,771.59,1,1251.0,563.5,1152.0,467.0,1350.0,660.0,0.2354,24.86,117.24,118.2
801,26.692,DISAGREE,1,0.9519,1206.49,576.19,162026.5,1000.14,379.89,1412.84,772.48,1,1257.0,566.5,1158.0,470.0,1356.0,663.0,0.2359,24.61,114.8,118.09
802,26.726,DISAGREE,1,0.9495,1211.75,577.61,162575.1,1005.21,380.83,1418.29,774.4,1,1262.0,568.5,1161.0,470.0,1363.0,667.0,0.2448,17.17,110.15,117.94
803,26.759,DISAGREE,1,0.9511,1214.13,579.46,162777.9,1007.7,382.32,1420.55,776.6,1,1265.0,569.5,1166.0,473.0,1364.0,666.0,0.2348,24.48,121.16,117.72
804,26.792,DISAGREE,1,0.9452,1213.93,578.63,162634.6,1007.47,381.7,1420.4,775.56,1,1268.5,570.5,1171.0,476.0,1366.0,665.0,0.2266,25.09,132.89,117.52
805,26.826,DISAGREE,1,0.946,1214.5,580.46,161741.8,1008.06,384.59,1420.94,776.33,1,1270.5,571.5,1173.0,477.0,1368.0,666.0,0.2279,25.05,133.46,117.2
806,26.859,DISAGREE,1,0.9438,1213.81,581.58,161421.9,1007.89,385.6,1419.73,777.56,1,1269.5,571.5,1174.0,479.0,1365.0,664.0,0.2189,23.44,139.71,116.95
807,26.892,DISAGREE,1,0.9537,1213.9,582.75,161376.6,1008.0,386.8,1419.8,778.69,1,1268.5,571.5,1173.0,479.0,1364.0,664.0,0.219,24.41,137.67,116.62
808,26.926,DISAGREE,1,0.9483,1212.05,582.31,161711.2,1005.56,386.53,1418.55,778.09,1,1265.5,571.0,1174.0,482.0,1357.0,660.0,0.2014,25.03,135.92,116.05
809,26.959,DISAGREE,1,0.9558,1207.84,583.42,160812.1,1002.5,387.63,1413.17,779.22,1,1263.5,570.5,1168.0,478.0,1359.0,663.0,0.2197,24.56,131.21,113.02
810,26.992,DISAGREE,1,0.954,1204.22,584.12,159625.9,999.63,389.07,1408.8,779.18,1,1259.5,571.0,1168.0,482.0,1351.0,660.0,0.2041,22.99,134.89,110.5
811,27.026,DISAGREE,1,0.9541,1201.41,584.56,158295.5,998.0,390.01,1404.82,779.11,1,1258.5,571.0,1167.0,482.0,1350.0,660.0,0.2058,22.12,133.68,108.82
812,27.059,DISAGREE,1,0.9529,1196.24,586.31,156148.0,995.78,391.57,1396.69,781.05,1,1258.0,572.5,1168.0,485.0,1348.0,660.0,0.2017,23.13,130.84,107.87
813,27.092,DISAGREE,1,0.9584,1189.83,587.48,153639.4,992.09,393.24,1387.57,781.73,1,1256.5,574.0,1165.0,485.0,1348.0,663.0,0.212,22.07,129.74,107.2
814,27.126,DISAGREE,1,0.961,1192.49,590.8,157913.5,990.11,395.73,1394.86,785.88,1,1243.5,584.0,1152.0,495.0,1335.0,673.0,0.2063,24.04,118.98,106.9
815,27.159,DISAGREE,1,0.9567,1197.14,594.32,162177.5,988.74,399.77,1405.54,788.87,1,1242.5,585.0,1151.0,496.0,1334.0,674.0,0.2009,23.87,123.33,106.95
816,27.192,DISAGREE,1,0.9461,1180.69,596.9,150705.5,986.57,402.8,1374.8,790.99,1,1243.0,586.5,1153.0,499.0,1333.0,674.0,0.209,23.84,137.32,107.03
817,27.225,DISAGREE,1,0.9307,1181.77,598.92,149761.2,987.59,406.1,1375.94,791.73,1,1242.0,587.5,1152.0,500.0,1332.0,675.0,0.2103,21.87,142.0,107.07
818,27.259,DISAGREE,1,0.9291,1184.01,599.88,153761.2,985.21,406.53,1382.81,793.24,1,1240.0,588.5,1150.0,501.0,1330.0,676.0,0.2049,21.67,136.54,107.07
819,27.292,DISAGREE,1,0.9454,1183.8,600.5,154410.6,984.17,407.13,1383.42,793.88,1,1238.0,589.5,1148.0,502.0,1328.0,677.0,0.204,21.7,130.68,107.04
820,27.325,DISAGREE,1,0.9389,1180.04,599.92,153934.8,982.1,405.49,1377.98,794.34,1,1235.5,589.0,1149.0,505.0,1322.0,673.0,0.1888,16.85,118.94,107.0
821,27.359,DISAGREE,1,0.9152,1175.6,600.01,151504.2,979.74,406.62,1371.45,793.41,1,1233.0,588.5,1145.0,503.0,1321.0,674.0,0.1986,21.48,118.86,107.07
822,27.392,DISAGREE,1,0.8906,1170.97,598.28,148342.1,978.95,405.15,1363.0,791.41,1,1228.5,588.0,1142.0,504.0,1315.0,672.0,0.1959,17.99,125.47,107.3
823,27.425,DISAGREE,1,0.8956,1166.46,597.11,146100.1,976.42,404.91,1356.5,789.31,1,1221.5,588.0,1135.0,504.0,1308.0,672.0,0.1989,21.47,122.96,107.39
824,27.459,DISAGREE,1,0.8905,1158.35,596.51,140503.8,974.77,405.18,1341.94,787.85,1,1216.0,587.5,1128.0,502.0,1304.0,673.0,0.2142,17.3,122.53,107.53
825,27.492,DISAGREE,1,0.9108,1131.71,595.69,121638.2,972.84,404.28,1290.58,787.11,1,1215.5,587.5,1131.0,505.0,1300.0,670.0,0.2137,23.76,130.55,107.79
826,27.525,DISAGREE,1,0.9206,1129.41,595.85,122121.0,969.67,404.72,1289.14,786.98,1,1213.0,586.5,1125.0,501.0,1301.0,672.0,0.2261,23.95,129.6,107.9
827,27.559,DISAGREE,1,0.9144,1124.99,596.31,122935.5,963.52,405.98,1286.47,786.64,1,1210.0,586.5,1122.0,501.0,1298.0,672.0,0.2252,17.16,124.98,107.98
828,27.592,DISAGREE,1,0.924,1120.66,598.11,123838.4,958.76,406.88,1282.56,789.34,1,1205.5,585.5,1121.0,503.0,1290.0,668.0,0.2132,21.35,134.92,107.99
829,27.625,DISAGREE,1,0.9247,1115.83,601.1,129812.6,947.28,408.56,1284.38,793.65,1,1204.5,585.5,1120.0,503.0,1289.0,668.0,0.2077,21.34,138.58,108.01
830,27.659,DISAGREE,1,0.9336,1111.43,602.22,129658.1,944.09,408.51,1278.76,795.93,1,1193.5,599.0,1107.0,515.0,1280.0,683.0,0.2222,21.38,143.4,108.12
831,27.692,DISAGREE,1,0.9436,1108.15,603.52,134839.9,936.57,407.06,1279.74,799.98,1,1195.5,600.0,1109.0,516.0,1282.0,684.0,0.2121,22.14,138.84,108.11
832,27.725,DISAGREE,1,0.938,1093.55,603.84,134179.7,924.45,405.46,1262.64,802.22,1,1180.0,612.5,1092.0,527.0,1268.0,698.0,0.216,24.49,133.48,108.01
833,27.759,DISAGREE,1,0.9438,1084.91,605.21,140192.0,910.15,404.66,1259.67,805.75,1,1176.0,611.5,1086.0,524.0,1266.0,699.0,0.2151,19.12,130.59,107.95
834,27.792,DISAGREE,1,0.9443,1064.12,609.21,140479.9,891.68,405.55,1236.57,812.86,1,1160.0,612.5,1070.0,525.0,1250.0,700.0,0.2041,21.36,120.71,107.78
835,27.825,DISAGREE,1,0.9391,1040.34,616.05,146432.5,861.98,410.8,1218.69,821.31,1,1125.5,620.0,1032.0,529.0,1219.0,711.0,0.2319,19.2,107.73,107.69
836,27.859,DISAGREE,1,0.9367,1004.57,619.47,143939.7,829.62,413.78,1179.52,825.16,1,1099.5,622.5,1002.0,528.0,1197.0,717.0,0.2279,23.85,114.25,107.62
837,27.892,DISAGREE,1,0.9275,968.83,621.58,141559.5,795.88,416.95,1141.78,826.2,1,1068.5,623.5,971.0,529.0,1166.0,718.0,0.2209,22.97,117.41,107.66
838,27.925,DISAGREE,1,0.9182,944.77,625.06,149064.0,763.8,419.14,1125.73,830.99,1,1035.0,621.5,936.0,525.0,1134.0,718.0,0.2431,18.37,124.73,107.58
839,27.959,DISAGREE,1,0.9265,916.94,624.93,147056.9,737.73,419.78,1096.14,830.09,1,1002.5,620.5,905.0,526.0,1100.0,715.0,0.2444,24.53,125.46,107.53
840,27.992,DISAGREE,1,0.9335,889.26,623.62,148185.5,712.0,414.63,1066.53,832.61,1,986.5,605.5,889.0,511.0,1084.0,700.0,0.2215,24.46,132.84,107.37
841,28.025,DISAGREE,1,0.9367,878.09,617.27,151548.2,694.04,411.43,1062.15,823.12,1,958.0,605.5,859.0,509.0,1057.0,702.0,0.2522,23.91,131.85,107.23
842,28.059,DISAGREE,1,0.9371,846.9,607.45,138599.5,676.16,404.51,1017.65,810.38,1,945.5,592.5,848.0,498.0,1043.0,687.0,0.2236,21.4,133.37,107.1
843,28.092,DISAGREE,1,0.94,839.49,600.41,135418.1,672.92,397.15,1006.05,803.66,1,936.5,579.5,841.0,487.0,1032.0,672.0,0.2178,24.98,130.49,107.03
844,28.125,DISAGREE,1,0.9277,835.5,589.27,132059.9,669.87,389.95,1001.14,788.59,1,932.5,563.5,835.0,469.0,1030.0,658.0,0.2283,24.55,131.47,107.11
845,28.159,DISAGREE,1,0.9222,838.07,579.92,131330.7,671.21,383.16,1004.93,776.69,1,924.5,563.5,829.0,471.0,1020.0,656.0,0.2427,16.99,131.88,107.14
846,28.192,DISAGREE,1,0.9242,845.4,569.52,131164.2,677.36,374.38,1013.43,764.66,1,927.5,549.0,834.0,458.0,1021.0,640.0,0.2464,16.89,132.99,107.3
847,28.225,DISAGREE,1,0.928,853.26,562.38,125954.2,689.66,369.9,1016.86,754.85,1,940.5,536.0,849.0,447.0,1032.0,625.0,0.2323,17.04,133.52,107.46
848,28.259,DISAGREE,1,0.935,858.87,558.36,121387.9,699.83,367.55,1017.91,749.18,1,942.0,536.5,854.0,451.0,1030.0,622.0,0.227,22.93,139.47,107.65
849,28.292,DISAGREE,1,0.9288,869.74,555.38,119357.2,710.7,367.76,1028.78,743.0,1,949.5,537.0,863.0,453.0,1036.0,621.0,0.231,24.18,144.08,107.85
850,28.325,DISAGREE,1,0.9414,876.98,553.35,116064.4,721.07,367.25,1032.9,739.45,1,957.0,531.5,869.0,446.0,1045.0,617.0,0.2372,26.31,134.05,108.07
851,28.358,DISAGREE,1,0.9233,886.93,552.48,115324.5,730.64,368.01,1043.22,736.95,1,969.5,531.0,878.0,442.0,1061.0,620.0,0.2482,24.49,123.0,108.18
852,28.392,DISAGREE,1,0.9314,897.84,552.87,113837.3,743.17,368.87,1052.51,736.87,1,978.5,531.0,887.0,442.0,1070.0,620.0,0.2519,24.41,124.57,108.33
853,28.425,DISAGREE,1,0.9386,904.99,551.28,113305.6,749.67,368.91,1060.32,733.64,1,982.0,533.5,894.0,448.0,1070.0,619.0,0.2474,18.82,131.49,108.24
854,28.458,DISAGREE,1,0.9233,912.63,550.02,114068.0,755.43,368.61,1069.83,731.43,1,984.5,533.0,898.0,449.0,1071.0,617.0,0.2526,23.55,130.4,108.13
855,28.492,DISAGREE,1,0.931,916.57,548.7,113941.5,759.31,367.57,1073.83,729.83,1,996.5,522.5,912.0,440.0,1081.0,605.0,0.2319,20.24,140.41,108.04
856,28.525,DISAGREE,1,0.9238,916.81,548.38,113792.3,759.66,367.35,1073.95,729.42,1,995.5,523.0,909.0,439.0,1082.0,607.0,0.2407,21.32,142.73,107.96
857,28.558,DISAGREE,1,0.9298,913.61,548.46,112199.0,758.64,367.46,1068.58,729.46,1,993.0,523.5,905.0,438.0,1081.0,609.0,0.2447,21.62,139.17,107.81
858,28.592,DISAGREE,1,0.93,912.98,549.14,113296.9,756.45,368.19,1069.52,730.08,1,991.0,522.5,901.0,435.0,1081.0,610.0,0.2558,22.9,142.73,107.72
859,28.625,DISAGREE,1,0.9299,911.64,549.13,112361.4,756.32,368.27,1066.95,729.99,1,989.5,523.0,898.0,434.0,1081.0,612.0,0.2618,23.63,148.77,107.66
860,28.658,DISAGREE,1,0.9262,910.95,549.61,112260.3,756.05,368.43,1065.85,730.79,1,988.5,524.0,897.0,435.0,1080.0,613.0,0.2619,23.71,150.69,107.59
861,28.692,DISAGREE,1,0.9227,912.51,549.68,112989.4,756.47,368.65,1068.55,730.71,1,987.5,525.0,896.0,436.0,1079.0,614.0,0.2674,23.55,137.42,107.52
862,28.725,DISAGREE,1,0.921,914.44,549.76,113718.0,757.35,368.78,1071.52,730.75,1,988.5,525.0,897.0,436.0,1080.0,614.0,0.2696,23.61,134.77,107.42
863,28.758,DISAGREE,1,0.9219,919.98,550.03,116820.4,758.64,369.0,1081.31,731.05,1,990.0,525.5,900.0,438.0,1080.0,613.0,0.2696,23.61,147.71,107.25
864,28.792,DISAGREE,1,0.9215,931.84,550.59,123472.7,761.36,369.52,1102.32,731.65,1,993.5,527.0,902.0,438.0,1085.0,616.0,0.2638,19.7,143.49,106.95
865,28.825,DISAGREE,1,0.9277,927.74,552.71,116151.0,766.7,372.39,1088.78,733.02,1,999.5,529.0,908.0,440.0,1091.0,618.0,0.2761,23.6,130.82,106.86
866,28.858,DISAGREE,1,0.9413,941.77,554.6,123530.2,770.64,374.14,1112.9,735.07,1,1009.0,529.5,921.0,444.0,1097.0,615.0,0.2436,23.55,112.54,106.57
867,28.892,DISAGREE,1,0.9529,959.27,560.73,127958.2,782.97,379.28,1135.57,742.18,1,1012.5,542.0,926.0,458.0,1099.0,626.0,0.2271,23.94,99.56,106.4
868,28.925,DISAGREE,1,0.941,969.24,565.95,130207.9,790.89,383.43,1147.59,748.47,1,1027.0,543.5,937.0,456.0,1117.0,631.0,0.2419,21.73,92.59,106.15
869,28.958,DISAGREE,1,0.9541,976.47,570.31,132514.7,796.55,386.17,1156.38,754.45,1,1038.0,545.5,950.0,460.0,1126.0,631.0,0.2271,17.2,94.65,106.51
870,28.992,DISAGREE,1,0.9578,980.41,572.77,132088.9,800.21,389.51,1160.62,756.02,1,1041.5,552.5,957.0,470.0,1126.0,635.0,0.2111,21.49,101.15,107.95
871,29.025,DISAGREE,1,0.9584,982.49,572.52,133000.6,801.88,388.42,1163.09,756.63,1,1041.0,551.5,958.0,471.0,1124.0,632.0,0.2009,21.82,107.34,110.88
872,29.058,DISAGREE,1,0.9613,982.56,572.6,133703.6,801.39,388.1,1163.72,757.11,1,1042.5,552.0,961.0,473.0,1124.0,631.0,0.1926,17.83,119.65,113.76
873,29.092,DISAGREE,1,0.9565,982.01,574.45,135393.7,799.61,388.87,1164.4,760.03,1,1044.5,553.0,963.0,474.0,1126.0,632.0,0.1902,23.88,125.46,116.01
874,29.125,DISAGREE,1,0.9509,982.51,578.15,137551.6,799.06,390.7,1165.96,765.61,1,1046.5,555.0,968.0,479.0,1125.0,631.0,0.1735,24.03,120.32,117.14
875,29.158,DISAGREE,1,0.9428,980.87,581.44,137918.9,797.36,393.55,1164.37,769.33,1,1049.0,559.5,966.0,479.0,1132.0,640.0,0.1938,23.72,131.12,116.46
876,29.192,DISAGREE,1,0.9435,978.59,584.75,139147.7,794.38,395.91,1162.81,773.59,1,1046.5,559.5,962.0,477.0,1131.0,642.0,0.2004,23.68,114.35,115.93
877,29.225,DISAGREE,1,0.9306,972.67,584.57,140949.8,787.18,394.6,1158.16,774.54,1,1040.5,564.0,954.0,480.0,1127.0,648.0,0.2062,23.53,112.54,115.6
878,29.258,DISAGREE,1,0.9469,961.69,583.13,143259.2,774.77,391.53,1148.62,774.74,1,1025.0,562.5,937.0,477.0,1113.0,648.0,0.2101,23.52,105.54,115.66
879,29.292,DISAGREE,1,0.9524,953.44,580.49,145155.4,764.34,388.58,1142.53,772.4,1,1014.0,561.5,924.0,474.0,1104.0,649.0,0.217,14.5,99.71,115.72
880,29.325,DISAGREE,1,0.9512,942.8,578.71,145078.2,754.89,385.69,1130.7,771.73,1,1006.5,555.0,913.0,464.0,1100.0,646.0,0.2346,14.36,107.11,115.66
881,29.358,DISAGREE,1,0.9468,935.33,580.35,147934.4,745.9,385.11,1124.76,775.59,1,1003.5,554.0,910.0,463.0,1097.0,645.0,0.2301,14.36,94.72,115.57
882,29.392,DISAGREE,1,0.9482,929.84,579.07,147876.0,740.11,384.23,1119.58,773.92,1,999.5,553.5,904.0,461.0,1095.0,646.0,0.239,14.42,65.61,115.52
883,29.425,DISAGREE,1,0.9536,926.04,580.08,148890.6,735.37,384.85,1116.7,775.31,1,994.5,554.5,899.0,462.0,1090.0,647.0,0.2373,14.61,80.7,115.42
884,29.458,DISAGREE,1,0.9523,921.67,581.07,149768.8,729.99,385.74,1113.36,776.4,1,992.5,556.5,895.0,462.0,1090.0,651.0,0.2461,14.82,94.24,115.19
885,29.491,DISAGREE,1,0.9478,919.36,583.75,149465.0,727.72,388.77,1111.0,778.73,1,988.5,558.5,891.0,464.0,1086.0,653.0,0.2466,14.42,112.82,115.29
886,29.525,DISAGREE,1,0.9469,916.86,584.42,149375.1,725.43,389.34,1108.29,779.49,1,987.5,559.5,890.0,465.0,1085.0,654.0,0.2467,14.77,119.13,115.22
887,29.558,DISAGREE,1,0.9488,915.66,586.32,149142.3,724.74,391.03,1106.58,781.62,1,986.0,563.5,887.0,467.0,1085.0,660.0,0.2562,14.68,119.89,115.12
888,29.591,DISAGREE,1,0.9425,915.22,588.34,152407.7,722.12,391.02,1108.32,785.66,1,985.0,565.5,884.0,467.0,1086.0,664.0,0.2611,14.45,123.68,115.09
889,29.625,DISAGREE,1,0.9439,917.12,589.73,151448.5,724.51,393.15,1109.73,786.3,1,984.0,566.5,883.0,468.0,1085.0,665.0,0.2628,14.59,130.02,115.1
890,29.658,DISAGREE,1,0.9436,915.09,589.44,152220.5,722.44,391.9,1107.74,786.98,1,984.5,566.5,887.0,472.0,1082.0,661.0,0.2421,14.67,137.13,115.17
891,29.691,DISAGREE,1,0.9419,916.54,589.57,150899.6,724.62,393.01,1108.46,786.14,1,985.5,568.0,892.0,477.0,1079.0,659.0,0.2255,14.6,132.6,115.17
892,29.725,DISAGREE,1,0.9427,915.53,589.29,152003.8,722.91,392.01,1108.15,786.57,1,984.5,567.5,887.0,473.0,1082.0,662.0,0.2425,14.64,126.39,115.23
893,29.758,DISAGREE,1,0.9458,917.68,589.8,151879.2,725.09,392.65,1110.26,786.96,1,986.0,568.5,887.0,472.0,1085.0,665.0,0.2516,14.77,135.77,115.21
